SN_Number,影片名稱,年份,集數,觀看人數,網址
112666,擾亂 THE PRINCESS OF SNOW AND BLOOD,2021/03,第4集,5.8萬,https://ani.gamer.com.tw/animeRef.php?sn=112666
112661,如果究極進化的完全沉浸 RPG 比現實還更像垃圾遊戲的話,2021/03,第3集,8.5萬,https://ani.gamer.com.tw/animeRef.php?sn=112661
112673,東京復仇者,2021/03,第4集,7.4萬,https://ani.gamer.com.tw/animeRef.php?sn=112673
112645,憂國的莫里亞蒂 第一季 後半,2021/03,第4集,39萬,https://ani.gamer.com.tw/animeRef.php?sn=112645
112643,我的英雄學院 第五季,2021/03,第5集,11.4萬,https://ani.gamer.com.tw/animeRef.php?sn=112643
112627,魔法水果籃 最終季,2021/03,第3集,7.2萬,https://ani.gamer.com.tw/animeRef.php?sn=112627
112613,舞伎家的料理人,2021/02,第3集,59.4萬,https://ani.gamer.com.tw/animeRef.php?sn=112613
112549,魔術士歐菲 流浪之旅 基姆拉克篇,2021/01,第11集,5.4萬,https://ani.gamer.com.tw/animeRef.php?sn=112549
112553,Dr.STONE 新石紀 第二季,2021/01,第11集,3.4萬,https://ani.gamer.com.tw/animeRef.php?sn=112553
112588,奇蛋物語 Wonder Egg Priority,2021/01,第12集,8.7萬,https://ani.gamer.com.tw/animeRef.php?sn=112588
112571,闇芝居 第八季,2021/01,第13集,132.6萬,https://ani.gamer.com.tw/animeRef.php?sn=112571
112545,廚神小當家 第二季,2021/01,第12集,41萬,https://ani.gamer.com.tw/animeRef.php?sn=112545
112570,EX-ARM,2021/01,第12集,8.8萬,https://ani.gamer.com.tw/animeRef.php?sn=112570
112569,怪物事變,2021/01,第12集,24萬,https://ani.gamer.com.tw/animeRef.php?sn=112569
112541,無職轉生，到了異世界就拿出真本事,2021/01,第11集,8.2萬,https://ani.gamer.com.tw/animeRef.php?sn=112541
112568,SK8 the Infinity,2021/01,第13集,112.8萬,https://ani.gamer.com.tw/animeRef.php?sn=112568
112567,怪病醫拉姆尼,2021/01,第12集,429.2萬,https://ani.gamer.com.tw/animeRef.php?sn=112567
112566,堀與宮村,2021/01,第13集,84.2萬,https://ani.gamer.com.tw/animeRef.php?sn=112566
112565,工作細胞 Black,2021/01,第13集,38.5萬,https://ani.gamer.com.tw/animeRef.php?sn=112565
112564,工作細胞 第二季,2021/01,第8集,241.8萬,https://ani.gamer.com.tw/animeRef.php?sn=112564
112563,Praeter 之傷,2021/01,第13集,136.3萬,https://ani.gamer.com.tw/animeRef.php?sn=112563
112562,BACK ARROW,2021/01,第16集,80.2萬,https://ani.gamer.com.tw/animeRef.php?sn=112562
112560,轉生成蜘蛛又怎樣！,2021/01,第15集,11.4萬,https://ani.gamer.com.tw/animeRef.php?sn=112560
112556,2.43 清陰高中男子排球社,2021/01,第12集,26.3萬,https://ani.gamer.com.tw/animeRef.php?sn=112556
112555,天地創造設計部,2021/01,第13集,326.7萬,https://ani.gamer.com.tw/animeRef.php?sn=112555
112554,搖曳露營△ 第二季,2021/01,第13集,25萬,https://ani.gamer.com.tw/animeRef.php?sn=112554
112552,搖滾少女!! STARS!!,2021/01,第12集,最近搜尋,https://ani.gamer.com.tw/animeRef.php?sn=112552
112557,約定的夢幻島 第二季,2021/01,第12集,熱門搜尋,https://ani.gamer.com.tw/animeRef.php?sn=112557
112551,蒼之騎士團,2021/01,第12集,6.4萬,https://ani.gamer.com.tw/animeRef.php?sn=112551
112550,ICHU 偶像進行曲,2021/01,第12集,126.7萬,https://ani.gamer.com.tw/animeRef.php?sn=112550
112548,關於我轉生變成史萊姆這檔事 第二季,2021/01,第13集,22.1萬,https://ani.gamer.com.tw/animeRef.php?sn=112548
112547,PUI PUI 天竺鼠車車,2021/01,第12集,5萬,https://ani.gamer.com.tw/animeRef.php?sn=112547
112544,裏世界遠足,2021/01,第12集,523.1萬,https://ani.gamer.com.tw/animeRef.php?sn=112544
112543,比方說，這是個出身魔王關附近的少年在新手村生活的故事,2021/01,第12集,173.7萬,https://ani.gamer.com.tw/animeRef.php?sn=112543
112561,大人的防具店 第二季,2021/01,第12集,42.7萬,https://ani.gamer.com.tw/animeRef.php?sn=112561
112559,幼女社長,2021/01,第15集,201.2萬,https://ani.gamer.com.tw/animeRef.php?sn=112559
112542,花樣滑冰 Stars,2020/12,第12集,17.8萬,https://ani.gamer.com.tw/animeRef.php?sn=112542
112612,鬼滅之刃特別編集版：柱合會議蝶屋敷篇,2020/12,第1集,11.4萬,https://ani.gamer.com.tw/animeRef.php?sn=112612
112522,進擊的巨人 The Final Season,2020/12,第16集,12.6萬,https://ani.gamer.com.tw/animeRef.php?sn=112522
112479,D4DJ First Mix,2020/10,第14集,6.3萬,https://ani.gamer.com.tw/animeRef.php?sn=112479
112611,鬼滅之刃特別編集版：那田蜘蛛山篇,2020/10,第1集,778.1萬,https://ani.gamer.com.tw/animeRef.php?sn=112611
112490,土下座跪求給看,2020/10,第12集,26.1萬,https://ani.gamer.com.tw/animeRef.php?sn=112490
112453,光之戰記 -ZUERST-,2020/10,第12集,4.5萬,https://ani.gamer.com.tw/animeRef.php?sn=112453
112451,阿松 第三季,2020/10,第25集,68.5萬,https://ani.gamer.com.tw/animeRef.php?sn=112451
112469,成神之日,2020/10,第12集,16.5萬,https://ani.gamer.com.tw/animeRef.php?sn=112469
112466,請問您今天要來點兔子嗎？BLOOM,2020/10,第12集,33.3萬,https://ani.gamer.com.tw/animeRef.php?sn=112466
112462,體操武士,2020/10,第11集,132.6萬,https://ani.gamer.com.tw/animeRef.php?sn=112462
112558,水豚君,2020/10,第24集,41.7萬,https://ani.gamer.com.tw/animeRef.php?sn=112558
112489,小碧藍幻想！,2020/10,第12集,20.6萬,https://ani.gamer.com.tw/animeRef.php?sn=112489
112478,強襲魔女 通往柏林之路,2020/10,第12集,9.4萬,https://ani.gamer.com.tw/animeRef.php?sn=112478
112454,月歌。THE ANIMATION 2,2020/10,第13集,20.1萬,https://ani.gamer.com.tw/animeRef.php?sn=112454
112452,在魔王城說晚安,2020/10,第12集,29.7萬,https://ani.gamer.com.tw/animeRef.php?sn=112452
112481,秘密結社 鷹之爪 -Golden Spell-,2020/10,第12集,6.1萬,https://ani.gamer.com.tw/animeRef.php?sn=112481
112474,黃金神威 第三季,2020/10,第12集,240.7萬,https://ani.gamer.com.tw/animeRef.php?sn=112474
112477,前說！,2020/10,第13集,最近搜尋,https://ani.gamer.com.tw/animeRef.php?sn=112477
112473,眾神眷顧的男人,2020/10,第12集,熱門搜尋,https://ani.gamer.com.tw/animeRef.php?sn=112473
112470,攀岩少女！,2020/10,第12集,7.5萬,https://ani.gamer.com.tw/animeRef.php?sn=112470
112480,戰翼的希格德莉法,2020/10,第12集,165萬,https://ani.gamer.com.tw/animeRef.php?sn=112480
112475,催眠麥克風,2020/10,第13集,39.6萬,https://ani.gamer.com.tw/animeRef.php?sn=112475
112468,魔法科高中的劣等生 來訪者篇,2020/10,第13集,39.8萬,https://ani.gamer.com.tw/animeRef.php?sn=112468
112467,Love Live！虹咲學園 學園偶像同好會,2020/10,第13集,52.7萬,https://ani.gamer.com.tw/animeRef.php?sn=112467
112465,半妖的夜叉姬,2020/10,第24集,264.8萬,https://ani.gamer.com.tw/animeRef.php?sn=112465
112464,勇者鬥惡龍 達伊的大冒險,2020/10,第29集,37.8萬,https://ani.gamer.com.tw/animeRef.php?sn=112464
112463,排球少年！！第四季 Part 2,2020/10,第12集,132.7萬,https://ani.gamer.com.tw/animeRef.php?sn=112463
112461,王之逆襲：意志的繼承者,2020/10,第26集,112.6萬,https://ani.gamer.com.tw/animeRef.php?sn=112461
112460,在地下城尋求邂逅是否搞錯了什麼 第三季,2020/10,第12集,196.7萬,https://ani.gamer.com.tw/animeRef.php?sn=112460
112546,WAVE!! ~來衝浪吧!!~,2020/10,第12集,67.9萬,https://ani.gamer.com.tw/animeRef.php?sn=112546
112488,鐵路浪漫譚,2020/10,第12集,302.3萬,https://ani.gamer.com.tw/animeRef.php?sn=112488
112485,BEM 妖怪人類貝姆劇場版～BECOME HUMAN～,2020/10,第1集,6.2萬,https://ani.gamer.com.tw/animeRef.php?sn=112485
112476,BURN THE WITCH 龍與魔女,2020/10,第3集,12.8萬,https://ani.gamer.com.tw/animeRef.php?sn=112476
112459,我立於百萬生命之上,2020/10,第12集,1.9萬,https://ani.gamer.com.tw/animeRef.php?sn=112459
112458,魔女之旅,2020/10,第12集,27.1萬,https://ani.gamer.com.tw/animeRef.php?sn=112458
112457,咒術迴戰,2020/10,第24集,152萬,https://ani.gamer.com.tw/animeRef.php?sn=112457
112456,暮蟬悲鳴時 業,2020/10,第24集,193.9萬,https://ani.gamer.com.tw/animeRef.php?sn=112456
112455,大貴族,2020/09,第14集,1098.8萬,https://ani.gamer.com.tw/animeRef.php?sn=112455
112471,無能力者娜娜,2020/09,第13集,144.1萬,https://ani.gamer.com.tw/animeRef.php?sn=112471
112472,憂國的莫里亞蒂 第一季,2020/09,第11集,89.9萬,https://ani.gamer.com.tw/animeRef.php?sn=112472
112449,熊熊勇闖異世界,2020/09,第12集,162.3萬,https://ani.gamer.com.tw/animeRef.php?sn=112449
112635,佐賀偶像是傳奇 舞台劇 Stage de Dooon！,2020/09,第2集,54.5萬,https://ani.gamer.com.tw/animeRef.php?sn=112635
112426,我的英雄學院 OVA：活下來！殊死的生存訓練,2020/08,第2集,172.9萬,https://ani.gamer.com.tw/animeRef.php?sn=112426
111652,進擊的巨人 劇場版 CHRONICLE,2020/07,第1集,1.4萬,https://ani.gamer.com.tw/animeRef.php?sn=111652
106527,GIBIATE 獵魔武士,2020/07,第13集,24.1萬,https://ani.gamer.com.tw/animeRef.php?sn=106527
112409,忍者收藏,2020/07,第13集,最近搜尋,https://ani.gamer.com.tw/animeRef.php?sn=112409
112402,彼得・格里爾的賢者時間,2020/07,第12集,熱門搜尋,https://ani.gamer.com.tw/animeRef.php?sn=112402
112206,GET UP！GET LIVE！＃GERA GERA,2020/07,第12集,10.4萬,https://ani.gamer.com.tw/animeRef.php?sn=112206
109203,出租女友,2020/07,第12集,56.4萬,https://ani.gamer.com.tw/animeRef.php?sn=109203
107915,彼得・格里爾的賢者時間,2020/07,第12集,3.3萬,https://ani.gamer.com.tw/animeRef.php?sn=107915
109320,非槍人生 NO GUNS LIFE 第二季,2020/07,第12集,334.7萬,https://ani.gamer.com.tw/animeRef.php?sn=109320
104549,果然我的青春戀愛喜劇搞錯了。完,2020/07,第12集,47.6萬,https://ani.gamer.com.tw/animeRef.php?sn=104549
104687,Re：從零開始的異世界生活 第二季,2020/07,第25集,32.4萬,https://ani.gamer.com.tw/animeRef.php?sn=104687
106136,魔法律事務所 第二季,2020/07,第12集,181.8萬,https://ani.gamer.com.tw/animeRef.php?sn=106136
111121,高校之神,2020/07,第13集,965.7萬,https://ani.gamer.com.tw/animeRef.php?sn=111121
111487,巨人族的新娘,2020/07,第9集,21.4萬,https://ani.gamer.com.tw/animeRef.php?sn=111487
110596,刀劍神域 Alicization War of Underworld -THE LAST SEASON-,2020/07,第12集,149.4萬,https://ani.gamer.com.tw/animeRef.php?sn=110596
108067,魔王學院的不適任者～史上最強的魔王始祖，轉生就讀子孫們的學校～,2020/07,第13集,46.3萬,https://ani.gamer.com.tw/animeRef.php?sn=108067
110567,Lapis Re：LiGHTs,2020/07,第12集,473萬,https://ani.gamer.com.tw/animeRef.php?sn=110567
108673,魔物娘的醫生,2020/07,第12集,485.9萬,https://ani.gamer.com.tw/animeRef.php?sn=108673
108367,弩級戰隊 HXEROS,2020/07,第12集,41.4萬,https://ani.gamer.com.tw/animeRef.php?sn=108367
112205,小妖怪,2020/07,第39集,137.9萬,https://ani.gamer.com.tw/animeRef.php?sn=112205
106466,DECA - DENCE,2020/06,第13集,64.5萬,https://ani.gamer.com.tw/animeRef.php?sn=106466
112017,超人力霸王 Z,2020/06,第28集,4.3萬,https://ani.gamer.com.tw/animeRef.php?sn=112017
111789,卡片戰鬥!! 先導者 外傳 -if-,2020/05,第25集,148萬,https://ani.gamer.com.tw/animeRef.php?sn=111789
110464,別冊奧林匹克之環,2020/04,第24集,34.1萬,https://ani.gamer.com.tw/animeRef.php?sn=110464
110895,香蕉怪大叔 呐呐~呐　北海妖怪追追追！,2020/04,第24集,6.1萬,https://ani.gamer.com.tw/animeRef.php?sn=110895
104777,啄木鳥偵探社,2020/04,第12集,70萬,https://ani.gamer.com.tw/animeRef.php?sn=104777
110719,噴嚏大魔王 2020,2020/04,第20集,7.5萬,https://ani.gamer.com.tw/animeRef.php?sn=110719
108265,輝夜姬想讓人告白～天才們的戀愛頭腦戰～ 第二季,2020/04,第12集,8.7萬,https://ani.gamer.com.tw/animeRef.php?sn=108265
110243,座敷童子塌塌米醬,2020/04,第12集,6.1萬,https://ani.gamer.com.tw/animeRef.php?sn=110243
109284,食戟之靈 豪之皿,2020/04,第13集,705萬,https://ani.gamer.com.tw/animeRef.php?sn=109284
108566,ARGONAVIS from BanG Dream！,2020/04,第13集,7.3萬,https://ani.gamer.com.tw/animeRef.php?sn=108566
108352,魔神英雄傳 七魂的龍神丸,2020/04,第9集,最近搜尋,https://ani.gamer.com.tw/animeRef.php?sn=108352
108169,天晴爛漫！,2020/04,第13集,熱門搜尋,https://ani.gamer.com.tw/animeRef.php?sn=108169
109753,富豪刑警 Balance: UNLIMITED,2020/04,第11集,29.9萬,https://ani.gamer.com.tw/animeRef.php?sn=109753
108075,闇影詩章,2020/04,第51集,53.6萬,https://ani.gamer.com.tw/animeRef.php?sn=108075
105122,放學後堤防日誌,2020/04,第12集,107萬,https://ani.gamer.com.tw/animeRef.php?sn=105122
104514,魔法水果籃 第二季,2020/04,第25集,74.5萬,https://ani.gamer.com.tw/animeRef.php?sn=104514
103741,白貓 Project Zero Chronicle 零之紀元,2020/04,第12集,65.4萬,https://ani.gamer.com.tw/animeRef.php?sn=103741
108973,社長，戰鬥的時間到了！,2020/04,第12集,100.7萬,https://ani.gamer.com.tw/animeRef.php?sn=108973
108606,王者天下 第三季,2020/04,第4集,50.5萬,https://ani.gamer.com.tw/animeRef.php?sn=108606
106515,IDOLiSH7 - 偶像星願 - Second BEAT！,2020/04,第15集,52.2萬,https://ani.gamer.com.tw/animeRef.php?sn=106515
104303,繼怪怪守護神,2020/04,第12集,24.8萬,https://ani.gamer.com.tw/animeRef.php?sn=104303
104281,格萊普尼爾,2020/04,第13集,30.3萬,https://ani.gamer.com.tw/animeRef.php?sn=104281
111499,辣妹與恐龍 真人版,2020/04,第12集,81.5萬,https://ani.gamer.com.tw/animeRef.php?sn=111499
109037,小書痴的下剋上：為了成為圖書管理員不擇手段！第二季,2020/04,第12集,213.7萬,https://ani.gamer.com.tw/animeRef.php?sn=109037
107537,辣妹與恐龍,2020/04,第12集,24.8萬,https://ani.gamer.com.tw/animeRef.php?sn=107537
106728,阿爾蒂,2020/04,第12集,101.4萬,https://ani.gamer.com.tw/animeRef.php?sn=106728
105091,昨日之歌,2020/04,第18集,82.8萬,https://ani.gamer.com.tw/animeRef.php?sn=105091
102102,轉生成女性向遊戲只有毀滅 END 的壞人大小姐,2020/04,第12集,51.8萬,https://ani.gamer.com.tw/animeRef.php?sn=102102
109826,文豪與鍊金術師～審判的齒輪～,2020/04,第13集,82.8萬,https://ani.gamer.com.tw/animeRef.php?sn=109826
107694,新櫻花大戰,2020/04,第12集,121.3萬,https://ani.gamer.com.tw/animeRef.php?sn=107694
109025,隱瞞之事,2020/04,第12集,27.7萬,https://ani.gamer.com.tw/animeRef.php?sn=109025
106598,天地無用！魎皇鬼 第 5 期,2020/02,第5集,31.3萬,https://ani.gamer.com.tw/animeRef.php?sn=106598
112423,世界一初戀～求婚編～,2020/02,第1集,137.2萬,https://ani.gamer.com.tw/animeRef.php?sn=112423
112614,星光王子 舞台劇 Shiny Rose Stars,2020/02,第2集,6.9萬,https://ani.gamer.com.tw/animeRef.php?sn=112614
112583,星光王子 舞台劇 Over the Sunshine！,2020/02,第1集,4萬,https://ani.gamer.com.tw/animeRef.php?sn=112583
108371,ACCA13 區監察課 Regards,2020/02,第1集,1244,https://ani.gamer.com.tw/animeRef.php?sn=108371
104689,哥布林殺手 -GOBLIN’S CROWN-,2020/02,第1集,3885,https://ani.gamer.com.tw/animeRef.php?sn=104689
97713,BanG Dream！第三季,2020/01,第13集,5.1萬,https://ani.gamer.com.tw/animeRef.php?sn=97713
112278,排球少年！！陸 VS 空＆球之道,2020/01,第1集,最近搜尋,https://ani.gamer.com.tw/animeRef.php?sn=112278
106259,異世界四重奏 第二季,2020/01,第12集,熱門搜尋,https://ani.gamer.com.tw/animeRef.php?sn=106259
103844,A3!,2020/01,第24集,7.3萬,https://ani.gamer.com.tw/animeRef.php?sn=103844
109607,言靈少女,2020/01,第24集,115.2萬,https://ani.gamer.com.tw/animeRef.php?sn=109607
109573,異種族風俗娘評鑑指南,2020/01,第12集,24.8萬,https://ani.gamer.com.tw/animeRef.php?sn=109573
106826,22/7,2020/01,第13集,9.9萬,https://ani.gamer.com.tw/animeRef.php?sn=106826
106302,異種族風俗娘評鑑指南,2020/01,第12集,139.8萬,https://ani.gamer.com.tw/animeRef.php?sn=106302
103427,虛構推理,2020/01,第12集,40.8萬,https://ani.gamer.com.tw/animeRef.php?sn=103427
112534,星光王子 星光時尚秀 BEST10,2020/01,第1集,112.6萬,https://ani.gamer.com.tw/animeRef.php?sn=112534
107757,請在伸展台上微笑,2020/01,第12集,81.9萬,https://ani.gamer.com.tw/animeRef.php?sn=107757
106792,織田肉桂信長,2020/01,第12集,4722,https://ani.gamer.com.tw/animeRef.php?sn=106792
103114,排球少年！！第四季,2020/01,第13集,61.9萬,https://ani.gamer.com.tw/animeRef.php?sn=103114
108889,搖滾少女!! 活力棉花糖!!,2020/01,第12集,54.5萬,https://ani.gamer.com.tw/animeRef.php?sn=108889
108087,寶石商人理察的謎鑑定,2020/01,第12集,230.1萬,https://ani.gamer.com.tw/animeRef.php?sn=108087
106587,神推偶像登上武道館我就死而無憾,2020/01,第12集,10.6萬,https://ani.gamer.com.tw/animeRef.php?sn=106587
106365,貓娘樂園,2020/01,第12集,39.7萬,https://ani.gamer.com.tw/animeRef.php?sn=106365
106082,淘氣貓 2020：家有圓圓？！我家的圓圓你知道嗎～,2020/01,第11集,53.5萬,https://ani.gamer.com.tw/animeRef.php?sn=106082
104712,索瑪麗與森林之神,2020/01,第12集,83.7萬,https://ani.gamer.com.tw/animeRef.php?sn=104712
104523,地縛少年花子君,2020/01,第12集,17萬,https://ani.gamer.com.tw/animeRef.php?sn=104523
103611,〈Infinite Dendrogram〉-無盡連鎖-,2020/01,第13集,91.1萬,https://ani.gamer.com.tw/animeRef.php?sn=103611
107217,number24,2020/01,第13集,125.6萬,https://ani.gamer.com.tw/animeRef.php?sn=107217
102845,怕痛的我，把防禦力點滿就對了,2020/01,第12集,135.3萬,https://ani.gamer.com.tw/animeRef.php?sn=102845
95849,魔術士歐菲 流浪之旅,2020/01,第14集,21.6萬,https://ani.gamer.com.tw/animeRef.php?sn=95849
109401,房間露營,2020/01,第13集,531萬,https://ani.gamer.com.tw/animeRef.php?sn=109401
108032,成群結伴！西頓學園,2020/01,第12集,45.5萬,https://ani.gamer.com.tw/animeRef.php?sn=108032
105416,別對映像研出手！,2020/01,第12集,62.1萬,https://ani.gamer.com.tw/animeRef.php?sn=105416
100968,魔法紀錄 魔法少女小圓外傳,2020/01,第13集,82.9萬,https://ani.gamer.com.tw/animeRef.php?sn=100968
104191,戀愛中的小行星,2020/01,第13集,86萬,https://ani.gamer.com.tw/animeRef.php?sn=104191
102378,達爾文遊戲,2020/01,第13集,最近搜尋,https://ani.gamer.com.tw/animeRef.php?sn=102378
109286,Re：從零開始的異世界生活 新編集版,2020/01,第26集,熱門搜尋,https://ani.gamer.com.tw/animeRef.php?sn=109286
109326,少女前線 人形小劇場 - 狂亂篇,2019/12,第12集,311.4萬,https://ani.gamer.com.tw/animeRef.php?sn=109326
112440,假面騎士 令和時代的開端,2019/12,第1集,271.1萬,https://ani.gamer.com.tw/animeRef.php?sn=112440
112424,魯邦三世 過去的監獄,2019/11,第1集,18.9萬,https://ani.gamer.com.tw/animeRef.php?sn=112424
112417,時光沙漏 fragtime,2019/11,第1集,3.6萬,https://ani.gamer.com.tw/animeRef.php?sn=112417
112538,寶可夢旅途,2019/11,第36集,1.5萬,https://ani.gamer.com.tw/animeRef.php?sn=112538
112439,Re：從零開始的異世界生活 冰結之絆,2019/11,第1集,3.7萬,https://ani.gamer.com.tw/animeRef.php?sn=112439
94113,花牌情緣 第三季,2019/10,第25集,5萬,https://ani.gamer.com.tw/animeRef.php?sn=94113
112435,鬼滅之宴,2019/10,第1集,16.6萬,https://ani.gamer.com.tw/animeRef.php?sn=112435
106777,刀劍神域 Alicization War of Underworld,2019/10,第13集,78.5萬,https://ani.gamer.com.tw/animeRef.php?sn=106777
101997,美妙射擊部,2019/10,第13集,31.5萬,https://ani.gamer.com.tw/animeRef.php?sn=101997
112607,星光王子 舞台劇 Rose Party,2019/10,第1集,472.3萬,https://ani.gamer.com.tw/animeRef.php?sn=112607
101709,我的英雄學院 第四季,2019/10,第25集,28.2萬,https://ani.gamer.com.tw/animeRef.php?sn=101709
106077,食戟之靈 神之皿,2019/10,第12集,2147,https://ani.gamer.com.tw/animeRef.php?sn=106077
105253,廚神小當家,2019/10,第12集,641.3萬,https://ani.gamer.com.tw/animeRef.php?sn=105253
104526,非槍人生 NO GUNS LIFE,2019/10,第12集,170.3萬,https://ani.gamer.com.tw/animeRef.php?sn=104526
100626,星合之空,2019/10,第12集,74.2萬,https://ani.gamer.com.tw/animeRef.php?sn=100626
105050,七大罪 眾神的逆鱗,2019/10,第24集,77.1萬,https://ani.gamer.com.tw/animeRef.php?sn=105050
106990,神田川 JET GIRLS,2019/10,第14集,40.5萬,https://ani.gamer.com.tw/animeRef.php?sn=106990
94006,Z/X Code reunion,2019/10,第12集,222.3萬,https://ani.gamer.com.tw/animeRef.php?sn=94006
106640,夢幻之星 Online 2 Episode Oracle,2019/10,第26集,21.2萬,https://ani.gamer.com.tw/animeRef.php?sn=106640
101438,募戀英雄 PIECE OF TRUTH,2019/10,第12集,19.5萬,https://ani.gamer.com.tw/animeRef.php?sn=101438
112516,歌塑世界 -Songs Connection-,2019/10,第12集,44.3萬,https://ani.gamer.com.tw/animeRef.php?sn=112516
104724,非洲的動物上班族,2019/10,第12集,17.7萬,https://ani.gamer.com.tw/animeRef.php?sn=104724
104589,警視廳特務部特殊凶惡犯對策室第七課,2019/10,第14集,1.2萬,https://ani.gamer.com.tw/animeRef.php?sn=104589
107125,一弦定音！第二季,2019/10,第13集,106.7萬,https://ani.gamer.com.tw/animeRef.php?sn=107125
106392,我們真的學不來！第二季,2019/10,第13集,40.3萬,https://ani.gamer.com.tw/animeRef.php?sn=106392
104400,入間同學入魔了,2019/10,第23集,最近搜尋,https://ani.gamer.com.tw/animeRef.php?sn=104400
108006,少女前線 人形小劇場 - 治癒篇,2019/10,第12集,熱門搜尋,https://ani.gamer.com.tw/animeRef.php?sn=108006
107157,NULL & PETA,2019/10,第12集,409.8萬,https://ani.gamer.com.tw/animeRef.php?sn=107157
106807,廚病激發 BOY,2019/10,第12集,36.9萬,https://ani.gamer.com.tw/animeRef.php?sn=106807
92073,碧藍幻想 第二季,2019/10,第15集,5.1萬,https://ani.gamer.com.tw/animeRef.php?sn=92073
104419,超人高中生們即便在異世界也能從容生存！,2019/10,第12集,28.7萬,https://ani.gamer.com.tw/animeRef.php?sn=104419
107994,Radiant 虛空魔境 第二季,2019/10,第21集,56.3萬,https://ani.gamer.com.tw/animeRef.php?sn=107994
107886,浦島坂田船的日常,2019/10,第12集,75.2萬,https://ani.gamer.com.tw/animeRef.php?sn=107886
105524,放學後桌遊俱樂部,2019/10,第12集,38.5萬,https://ani.gamer.com.tw/animeRef.php?sn=105524
105434,這個勇者明明超 TUEEE 卻過度謹慎！,2019/10,第13集,6.5萬,https://ani.gamer.com.tw/animeRef.php?sn=105434
104329,小書痴的下剋上：為了成為圖書管理員不擇手段！,2019/10,第16集,42.4萬,https://ani.gamer.com.tw/animeRef.php?sn=104329
103489,萌獸寵物店,2019/10,第12集,454.5萬,https://ani.gamer.com.tw/animeRef.php?sn=103489
101857,喜歡本大爺的竟然就妳一個？,2019/10,第16集,157.3萬,https://ani.gamer.com.tw/animeRef.php?sn=101857
94202,籃球少年王,2019/10,第50集,247.2萬,https://ani.gamer.com.tw/animeRef.php?sn=94202
107629,香蕉喵 不可思議的夥伴們,2019/10,第13集,222.3萬,https://ani.gamer.com.tw/animeRef.php?sn=107629
101412,請問您今天要來點兔子嗎？～Sing For You～,2019/09,第1集,350.6萬,https://ani.gamer.com.tw/animeRef.php?sn=101412
106512,BanG Dream！FILM LIVE,2019/09,第1集,13.5萬,https://ani.gamer.com.tw/animeRef.php?sn=106512
112605,假面騎士 ZERO-ONE,2019/09,第46集,5.8萬,https://ani.gamer.com.tw/animeRef.php?sn=112605
108925,卡片戰鬥！！先導者 新右衛門篇,2019/08,第31集,5.8萬,https://ani.gamer.com.tw/animeRef.php?sn=108925
107158,機甲英雄 機鬥勇者,2019/08,第4集,17.6萬,https://ani.gamer.com.tw/animeRef.php?sn=107158
100033,Fate/Grand Order - 絕對魔獸戰線巴比倫尼亞 -,2019/08,第25集,2.5萬,https://ani.gamer.com.tw/animeRef.php?sn=100033
104436,TRY KNIGHTS,2019/07,第12集,3.5萬,https://ani.gamer.com.tw/animeRef.php?sn=104436
108327,假面騎士 劇場版 ZI-O Over Quartzer,2019/07,第1集,479.8萬,https://ani.gamer.com.tw/animeRef.php?sn=108327
102116,普通攻擊是全體二連擊，這樣的媽媽你喜歡嗎？,2019/07,第13集,9萬,https://ani.gamer.com.tw/animeRef.php?sn=102116
101853,科學一方通行,2019/07,第12集,3.2萬,https://ani.gamer.com.tw/animeRef.php?sn=101853
94033,在地下城尋求邂逅是否搞錯了什麼 第二季,2019/07,第13集,221.2萬,https://ani.gamer.com.tw/animeRef.php?sn=94033
104451,GIVEN 被贈與的未來,2019/07,第11集,125.7萬,https://ani.gamer.com.tw/animeRef.php?sn=104451
104072,只要長得可愛，即使是變態你也喜歡嗎？,2019/07,第12集,443.1萬,https://ani.gamer.com.tw/animeRef.php?sn=104072
103211,COP CRAFT,2019/07,第13集,最近搜尋,https://ani.gamer.com.tw/animeRef.php?sn=103211
103193,胡蝶綺～少年信長～,2019/07,第12集,熱門搜尋,https://ani.gamer.com.tw/animeRef.php?sn=103193
112434,闇芝居 第七季,2019/07,第13集,94.6萬,https://ani.gamer.com.tw/animeRef.php?sn=112434
103847,妖怪人類貝姆（BEM）,2019/07,第12集,21.1萬,https://ani.gamer.com.tw/animeRef.php?sn=103847
103215,艾梅洛閣下 II 世事件簿 -魔眼蒐集列車 Grace note-,2019/07,第14集,5.1萬,https://ani.gamer.com.tw/animeRef.php?sn=103215
99334,Re：Stage！Dream days♪,2019/07,第12集,39.6萬,https://ani.gamer.com.tw/animeRef.php?sn=99334
97962,實況主的逃脫遊戲【直播中】,2019/07,第13集,210.5萬,https://ani.gamer.com.tw/animeRef.php?sn=97962
82778,偶像夢幻祭,2019/07,第25集,21.4萬,https://ani.gamer.com.tw/animeRef.php?sn=82778
105309,超人力霸王 TAIGA,2019/07,第25集,170.7萬,https://ani.gamer.com.tw/animeRef.php?sn=105309
102741,騷亂時節的少女們。,2019/07,第12集,56.9萬,https://ani.gamer.com.tw/animeRef.php?sn=102741
102494,Dr.STONE 新石紀,2019/07,第24集,28.8萬,https://ani.gamer.com.tw/animeRef.php?sn=102494
102289,女高中生的虛度日常,2019/07,第12集,107.9萬,https://ani.gamer.com.tw/animeRef.php?sn=102289
104065,為了女兒，我說不定連魔王都能幹掉。,2019/07,第12集,716萬,https://ani.gamer.com.tw/animeRef.php?sn=104065
103788,彼方的阿斯特拉,2019/07,第12集,184.2萬,https://ani.gamer.com.tw/animeRef.php?sn=103788
103449,流汗吧！健身少女,2019/07,第12集,211.3萬,https://ani.gamer.com.tw/animeRef.php?sn=103449
104214,你遭難了嗎？,2019/07,第12集,87.7萬,https://ani.gamer.com.tw/animeRef.php?sn=104214
102318,魔術學姐,2019/07,第12集,236.9萬,https://ani.gamer.com.tw/animeRef.php?sn=102318
112539,麵包超人劇場版 發光吧！冰淇淋王國的香草公主,2019/06,第1集,176.9萬,https://ani.gamer.com.tw/animeRef.php?sn=112539
101403,青春豬頭少年不會夢到懷夢美少女,2019/06,第1集,129萬,https://ani.gamer.com.tw/animeRef.php?sn=101403
91971,魔法少女☆伊莉雅 百變嘉年華,2019/06,第1集,4207,https://ani.gamer.com.tw/animeRef.php?sn=91971
108812,卡片戰鬥！！先導者 續高校篇,2019/05,第14集,22.8萬,https://ani.gamer.com.tw/animeRef.php?sn=108812
103323,生日幻境,2019/04,第1集,8.2萬,https://ani.gamer.com.tw/animeRef.php?sn=103323
107785,香蕉怪大叔 呐呐~呐　驚奇的洞穴國度,2019/04,第24集,3.4萬,https://ani.gamer.com.tw/animeRef.php?sn=107785
102782,請讓我撒嬌，仙狐大人！,2019/04,第12集,1.6萬,https://ani.gamer.com.tw/animeRef.php?sn=102782
99491,強襲魔女 501 部隊出動！,2019/04,第13集,8.7萬,https://ani.gamer.com.tw/animeRef.php?sn=99491
103554,高中女生,2019/04,第12集,39.4萬,https://ani.gamer.com.tw/animeRef.php?sn=103554
102935,信長老師的年幼妻子,2019/04,第12集,23.6萬,https://ani.gamer.com.tw/animeRef.php?sn=102935
100839,超可動女孩 1/6,2019/04,第12集,40.1萬,https://ani.gamer.com.tw/animeRef.php?sn=100839
98483,星光王子 KING OF PRISM -Shiny Seven Stars-,2019/04,第12集,最近搜尋,https://ani.gamer.com.tw/animeRef.php?sn=98483
112412,為什麼老師會在這裡！？,2019/04,第13集,熱門搜尋,https://ani.gamer.com.tw/animeRef.php?sn=112412
105063,秘密 X 戰士 幻影甜心,2019/04,第18集,10萬,https://ani.gamer.com.tw/animeRef.php?sn=105063
101716,為什麼老師會在這裡！？,2019/04,第13集,26.9萬,https://ani.gamer.com.tw/animeRef.php?sn=101716
100086,八月的棒球甜心,2019/04,第12集,3.9萬,https://ani.gamer.com.tw/animeRef.php?sn=100086
102280,一弦定音！,2019/04,第13集,203.6萬,https://ani.gamer.com.tw/animeRef.php?sn=102280
100539,我們真的學不來！,2019/04,第13集,28萬,https://ani.gamer.com.tw/animeRef.php?sn=100539
100174,MIX,2019/04,第24集,94.9萬,https://ani.gamer.com.tw/animeRef.php?sn=100174
98149,鬼滅之刃,2019/04,第26集,207.3萬,https://ani.gamer.com.tw/animeRef.php?sn=98149
102841,川柳少女,2019/04,第12集,55.8萬,https://ani.gamer.com.tw/animeRef.php?sn=102841
102799,滿腦都是○○的我沒辦法談戀愛,2019/04,第12集,2937.2萬,https://ani.gamer.com.tw/animeRef.php?sn=102799
102570,魔法水果籃,2019/04,第25集,75.8萬,https://ani.gamer.com.tw/animeRef.php?sn=102570
102099,LAIDBACKERS：勇者的尼特族生活,2019/04,第1集,190.1萬,https://ani.gamer.com.tw/animeRef.php?sn=102099
100813,一個人的○○小日子,2019/04,第12集,159.1萬,https://ani.gamer.com.tw/animeRef.php?sn=100813
112637,Aikatsu! 偶像學園！Friends 第二季,2019/04,第26集,1.8萬,https://ani.gamer.com.tw/animeRef.php?sn=112637
104357,戀愛幕末男友外傳-危機,2019/04,第12集,83.8萬,https://ani.gamer.com.tw/animeRef.php?sn=104357
102701,鑽石王牌 act2,2019/04,第52集,1.4萬,https://ani.gamer.com.tw/animeRef.php?sn=102701
85322,一拳超人 (第二季),2019/04,第13集,3.1萬,https://ani.gamer.com.tw/animeRef.php?sn=85322
112610,鬼滅之刃特別編集版：兄妹之絆,2019/03,第1集,493.2萬,https://ani.gamer.com.tw/animeRef.php?sn=112610
112640,阿松 劇場版,2019/03,第1集,744.3萬,https://ani.gamer.com.tw/animeRef.php?sn=112640
90117,灰色：幻影扳機 動畫版,2019/03,第1集,4.5萬,https://ani.gamer.com.tw/animeRef.php?sn=90117
112523,超人力霸王 R/B 劇場版 決定了！羈絆的水晶,2019/03,第1集,3612,https://ani.gamer.com.tw/animeRef.php?sn=112523
111399,薩爾瑪的心願,2019/03,第1集,3.9萬,https://ani.gamer.com.tw/animeRef.php?sn=111399
110700,PSYCHO-PASS 心靈判官 Sinners of the System Case.3 恩仇的彼方,2019/03,第1集,5562,https://ani.gamer.com.tw/animeRef.php?sn=110700
112575,大人的防具店 裏面,2019/03,第3集,4731,https://ani.gamer.com.tw/animeRef.php?sn=112575
112678,鬼滅之刃 鬼滅電台,2019/02,第8集,3.5萬,https://ani.gamer.com.tw/animeRef.php?sn=112678
101464,劇場版 王室教師海涅,2019/02,第1集,3.7萬,https://ani.gamer.com.tw/animeRef.php?sn=101464
110699,PSYCHO-PASS 心靈判官 Sinners of the System Case.2 First Guardian,2019/02,第1集,2.5萬,https://ani.gamer.com.tw/animeRef.php?sn=110699
102620,Fight League 交鋒聯盟,2019/02,第26集,最近搜尋,https://ani.gamer.com.tw/animeRef.php?sn=102620
95430,城市獵人劇場版 新宿 PRIVATE EYES,2019/02,第1集,熱門搜尋,https://ani.gamer.com.tw/animeRef.php?sn=95430
93316,幼女戰記 劇場版,2019/02,第1集,18.2萬,https://ani.gamer.com.tw/animeRef.php?sn=93316
103345,魯邦三世 再見了伙伴,2019/01,第1集,4.7萬,https://ani.gamer.com.tw/animeRef.php?sn=103345
101812,相對世界。明日終結？,2019/01,第1集,13.6萬,https://ani.gamer.com.tw/animeRef.php?sn=101812
94718,PSYCHO-PASS 心靈判官 Sinners of the System Case.1 罪與罰,2019/01,第1集,1萬,https://ani.gamer.com.tw/animeRef.php?sn=94718
79337,巴哈姆特之怒 -Manaria Friends-,2019/01,第10集,10萬,https://ani.gamer.com.tw/animeRef.php?sn=79337
112436,來自深淵 劇場版總集篇 後編：流浪之黃昏,2019/01,第1集,4.8萬,https://ani.gamer.com.tw/animeRef.php?sn=112436
112586,彼時彼女,2019/01,第12集,60.1萬,https://ani.gamer.com.tw/animeRef.php?sn=112586
101301,荒野的壽飛行隊,2019/01,第12集,4.6萬,https://ani.gamer.com.tw/animeRef.php?sn=101301
102578,百慕達三角～多彩田園曲～,2019/01,第12集,1萬,https://ani.gamer.com.tw/animeRef.php?sn=102578
99920,ENDRO！,2019/01,第12集,55.7萬,https://ani.gamer.com.tw/animeRef.php?sn=99920
98176,輝夜姬想讓人告白～天才們的戀愛頭腦戰～,2019/01,第12集,5.8萬,https://ani.gamer.com.tw/animeRef.php?sn=98176
99891,魔法少女特殊戰明日香,2019/01,第12集,61.7萬,https://ani.gamer.com.tw/animeRef.php?sn=99891
99780,B-PROJECT～絕頂＊Emotion～,2019/01,第12集,747.7萬,https://ani.gamer.com.tw/animeRef.php?sn=99780
99608,家有女友,2019/01,第12集,65.8萬,https://ani.gamer.com.tw/animeRef.php?sn=99608
92148,約會大作戰 DATE A LIVE 第三季,2019/01,第12集,15萬,https://ani.gamer.com.tw/animeRef.php?sn=92148
97790,約定的夢幻島,2019/01,第12集,178.7萬,https://ani.gamer.com.tw/animeRef.php?sn=97790
100317,同居人是貓,2019/01,第12集,164.2萬,https://ani.gamer.com.tw/animeRef.php?sn=100317
101498,動物朋友 2,2019/01,第12集,130.9萬,https://ani.gamer.com.tw/animeRef.php?sn=101498
95932,粉彩回憶,2019/01,第11集,116.3萬,https://ani.gamer.com.tw/animeRef.php?sn=95932
95465,路人超能 100 第二季,2019/01,第14集,17.7萬,https://ani.gamer.com.tw/animeRef.php?sn=95465
98118,笨拙之極的上野,2019/01,第12集,7.7萬,https://ani.gamer.com.tw/animeRef.php?sn=98118
98946,不愉快的妖怪庵 續,2019/01,第13集,376.6萬,https://ani.gamer.com.tw/animeRef.php?sn=98946
112414,來自深淵 劇場版總集篇 前編：啟程的黎明,2019/01,第1集,131.5萬,https://ani.gamer.com.tw/animeRef.php?sn=112414
102022,笑容的代價,2019/01,第12集,46萬,https://ani.gamer.com.tw/animeRef.php?sn=102022
97712,BanG Dream！第二季,2019/01,第13集,6.5萬,https://ani.gamer.com.tw/animeRef.php?sn=97712
112599,假面騎士 平成世代 Forever,2018/12,第1集,33.9萬,https://ani.gamer.com.tw/animeRef.php?sn=112599
103635,K Seven Stories Circle Vision ～Nameless Song～,2018/12,第1集,最近搜尋,https://ani.gamer.com.tw/animeRef.php?sn=103635
96881,機動戰士鋼彈 NT,2018/11,第2集,熱門搜尋,https://ani.gamer.com.tw/animeRef.php?sn=96881
112497,續·終物語,2018/11,第6集,5.5萬,https://ani.gamer.com.tw/animeRef.php?sn=112497
103335,K Seven Stories 紅之記憶 ～BURN～,2018/11,第1集,25.8萬,https://ani.gamer.com.tw/animeRef.php?sn=103335
100198,梅露可物語,2018/10,第12集,3.2萬,https://ani.gamer.com.tw/animeRef.php?sn=100198
98376,東京喰種：re 第二季,2018/10,第12集,3.6萬,https://ani.gamer.com.tw/animeRef.php?sn=98376
112574,大人的防具店,2018/10,第12集,17萬,https://ani.gamer.com.tw/animeRef.php?sn=112574
99053,黃金神威 第二季,2018/10,第12集,74.3萬,https://ani.gamer.com.tw/animeRef.php?sn=99053
112506,尤利西斯 貞德與鍊金騎士,2018/10,第12集,22.9萬,https://ani.gamer.com.tw/animeRef.php?sn=112506
99842,Anima Yell!,2018/10,第12集,126.5萬,https://ani.gamer.com.tw/animeRef.php?sn=99842
92513,書店裡的骷髏店員本田,2018/10,第12集,4.5萬,https://ani.gamer.com.tw/animeRef.php?sn=92513
90568,FAIRY TAIL 魔導少年 最終章,2018/10,第51集,5.8萬,https://ani.gamer.com.tw/animeRef.php?sn=90568
112438,Re：從零開始的異世界生活 Memory Snow,2018/10,第1集,87.8萬,https://ani.gamer.com.tw/animeRef.php?sn=112438
107907,新企鵝家族 第二季,2018/10,第26集,479.9萬,https://ani.gamer.com.tw/animeRef.php?sn=107907
102726,K Seven Stories Based on Lost Small World ～牢籠的彼端～,2018/10,第1集,16.1萬,https://ani.gamer.com.tw/animeRef.php?sn=102726
95190,逆轉裁判 第二季,2018/10,第23集,1.4萬,https://ani.gamer.com.tw/animeRef.php?sn=95190
94032,哥布林殺手,2018/10,第13集,3.7萬,https://ani.gamer.com.tw/animeRef.php?sn=94032
93875,Radiant 虛空魔境,2018/10,第21集,36.1萬,https://ani.gamer.com.tw/animeRef.php?sn=93875
91867,刀劍神域 Alicization,2018/10,第26集,552.4萬,https://ani.gamer.com.tw/animeRef.php?sn=91867
90003,SSSS.GRIDMAN,2018/10,第12集,99.5萬,https://ani.gamer.com.tw/animeRef.php?sn=90003
112437,歡迎光臨，千歲醬,2018/10,第24集,1051.3萬,https://ani.gamer.com.tw/animeRef.php?sn=112437
101595,錢進球場 第二季,2018/10,第12集,188.7萬,https://ani.gamer.com.tw/animeRef.php?sn=101595
99804,電影版 怪物彈珠 空之彼方,2018/10,第1集,2.2萬,https://ani.gamer.com.tw/animeRef.php?sn=99804
96596,我家的女僕有夠煩！,2018/10,第12集,29.8萬,https://ani.gamer.com.tw/animeRef.php?sn=96596
96003,我讓最想被擁抱的男人給威脅了,2018/10,第13集,1.4萬,https://ani.gamer.com.tw/animeRef.php?sn=96003
95242,火之丸相撲,2018/10,第24集,40.1萬,https://ani.gamer.com.tw/animeRef.php?sn=95242
93384,JOJO 的奇妙冒險 黃金之風,2018/10,第42集,87.9萬,https://ani.gamer.com.tw/animeRef.php?sn=93384
91869,魔法禁書目錄 Ⅲ,2018/10,第26集,141.4萬,https://ani.gamer.com.tw/animeRef.php?sn=91869
99414,佐賀偶像是傳奇,2018/10,第12集,最近搜尋,https://ani.gamer.com.tw/animeRef.php?sn=99414
96352,學園 BASARA,2018/10,第12集,熱門搜尋,https://ani.gamer.com.tw/animeRef.php?sn=96352
95940,戀愛幕末男友外傳,2018/10,第12集,174.1萬,https://ani.gamer.com.tw/animeRef.php?sn=95940
96002,天空與海洋之間,2018/10,第12集,17.8萬,https://ani.gamer.com.tw/animeRef.php?sn=96002
94844,青春豬頭少年不會夢到兔女郎學姊,2018/10,第13集,6.5萬,https://ani.gamer.com.tw/animeRef.php?sn=94844
98172,強風吹拂,2018/10,第23集,3萬,https://ani.gamer.com.tw/animeRef.php?sn=98172
99054,宇宙戰艦提拉米斯 Ⅱ,2018/10,第17集,451.2萬,https://ani.gamer.com.tw/animeRef.php?sn=99054
94601,關於我轉生變成史萊姆這檔事,2018/10,第30集,175.9萬,https://ani.gamer.com.tw/animeRef.php?sn=94601
112630,DOUBLE DECKER！道格＆基里爾,2018/09,第16集,31.3萬,https://ani.gamer.com.tw/animeRef.php?sn=112630
91974,劇場版 夏目友人帳～緣結空蟬～,2018/09,第1集,1689.9萬,https://ani.gamer.com.tw/animeRef.php?sn=91974
101881,Aikatsu! 偶像學園！STARS 第2季,2018/09,第50集,5926,https://ani.gamer.com.tw/animeRef.php?sn=101881
99986,假面騎士 ZI-O,2018/09,第49集,15.4萬,https://ani.gamer.com.tw/animeRef.php?sn=99986
102370,K Seven Stories SIDE：GREEN ～覆寫世界～,2018/09,第1集,25萬,https://ani.gamer.com.tw/animeRef.php?sn=102370
94236,企鵝公路,2018/08,第1集,48萬,https://ani.gamer.com.tw/animeRef.php?sn=94236
112590,劇場版 假面騎士 Build Be The One,2018/08,第1集,4.3萬,https://ani.gamer.com.tw/animeRef.php?sn=112590
111262,快盜戰隊魯邦連者 VS 警察戰隊巡邏連者 en film,2018/08,第1集,7.2萬,https://ani.gamer.com.tw/animeRef.php?sn=111262
101806,K Seven Stories SIDE:BLUE ～猶如天狼～,2018/08,第1集,8279,https://ani.gamer.com.tw/animeRef.php?sn=101806
95427,付喪神出租中！,2018/07,第12集,5469,https://ani.gamer.com.tw/animeRef.php?sn=95427
89557,進擊的巨人 第三季,2018/07,第23集,4.8萬,https://ani.gamer.com.tw/animeRef.php?sn=89557
112641,炎神戰隊轟音者 10 YEARS GRANDPRIX,2018/07,第1集,11萬,https://ani.gamer.com.tw/animeRef.php?sn=112641
95727,紅蓮之王,2018/07,第12集,1074.1萬,https://ani.gamer.com.tw/animeRef.php?sn=95727
96391,OVERLORD 第三季,2018/07,第13集,1333,https://ani.gamer.com.tw/animeRef.php?sn=96391
95889,Angolmois 元寇合戰記,2018/07,第12集,27.6萬,https://ani.gamer.com.tw/animeRef.php?sn=95889
96004,暮光幻影,2018/07,第12集,146.9萬,https://ani.gamer.com.tw/animeRef.php?sn=96004
94989,京都寺町三條商店街的福爾摩斯,2018/07,第12集,9.9萬,https://ani.gamer.com.tw/animeRef.php?sn=94989
93688,遊戲 3 人娘,2018/07,第12集,35.1萬,https://ani.gamer.com.tw/animeRef.php?sn=93688
112433,闇芝居 第六季,2018/07,第13集,61.3萬,https://ani.gamer.com.tw/animeRef.php?sn=112433
103658,K Seven Stories The・偶像 K,2018/07,第1集,400.7萬,https://ani.gamer.com.tw/animeRef.php?sn=103658
101140,K Seven Stories R:B ～BLAZE～,2018/07,第1集,最近搜尋,https://ani.gamer.com.tw/animeRef.php?sn=101140
97084,超人力霸王 R/B,2018/07,第25集,熱門搜尋,https://ani.gamer.com.tw/animeRef.php?sn=97084
93488,工作細胞,2018/07,第14集,8.8萬,https://ani.gamer.com.tw/animeRef.php?sn=93488
98233,音樂少女,2018/07,第12集,3.8萬,https://ani.gamer.com.tw/animeRef.php?sn=98233
90508,遙的接球,2018/07,第12集,542.4萬,https://ani.gamer.com.tw/animeRef.php?sn=90508
112619,夢王國與沉睡中的 100 位王子殿下,2018/07,第12集,19.3萬,https://ani.gamer.com.tw/animeRef.php?sn=112619
95582,異世界魔王與召喚少女的奴隸魔術,2018/07,第12集,71.8萬,https://ani.gamer.com.tw/animeRef.php?sn=95582
95426,中間管理錄利根川,2018/07,第24集,1.3萬,https://ani.gamer.com.tw/animeRef.php?sn=95426
89239,前進吧！登山少女 第三季,2018/07,第13集,114.6萬,https://ani.gamer.com.tw/animeRef.php?sn=89239
93827,羽球戰爭！,2018/07,第13集,22.3萬,https://ani.gamer.com.tw/animeRef.php?sn=93827
112639,宇宙戰隊九連者 VS SPACE SQUAD,2018/06,第1集,20.8萬,https://ani.gamer.com.tw/animeRef.php?sn=112639
98322,UQ HOLDER！悠久持有者！夏凜前輩不可告人的祕密,2018/06,第1集,13.1萬,https://ani.gamer.com.tw/animeRef.php?sn=98322
95127,卡片戰鬥！！先導者,2018/05,第51集,1283,https://ani.gamer.com.tw/animeRef.php?sn=95127
80232,驚爆危機 Invisible Victory,2018/04,第12集,11.5萬,https://ani.gamer.com.tw/animeRef.php?sn=80232
93824,最終休止符,2018/04,第12集,14.6萬,https://ani.gamer.com.tw/animeRef.php?sn=93824
85719,惡魔高校 D×D HERO,2018/04,第13集,97.6萬,https://ani.gamer.com.tw/animeRef.php?sn=85719
90713,黃金神威,2018/04,第12集,75.8萬,https://ani.gamer.com.tw/animeRef.php?sn=90713
94636,溫泉屋小女將,2018/04,第24集,104萬,https://ani.gamer.com.tw/animeRef.php?sn=94636
93033,食戟之靈 餐之皿 遠月列車篇,2018/04,第12集,199.3萬,https://ani.gamer.com.tw/animeRef.php?sn=93033
112601,棒球大聯盟 2nd,2018/04,第25集,3.5萬,https://ani.gamer.com.tw/animeRef.php?sn=112601
92527,劇場版 吸血鬼僕人 -Alice in the Garden-,2018/04,第1集,51.3萬,https://ani.gamer.com.tw/animeRef.php?sn=92527
92526,藍海少女 第二季,2018/04,第12集,10萬,https://ani.gamer.com.tw/animeRef.php?sn=92526
91868,刀劍神域外傳 Gun Gale Online,2018/04,第12集,6.1萬,https://ani.gamer.com.tw/animeRef.php?sn=91868
91866,我的英雄學院 第三季,2018/04,第25集,11.3萬,https://ani.gamer.com.tw/animeRef.php?sn=91866
107784,香蕉怪大叔 呐呐~呐,2018/04,第24集,425.2萬,https://ani.gamer.com.tw/animeRef.php?sn=107784
93570,錢進球場,2018/04,第12集,184.2萬,https://ani.gamer.com.tw/animeRef.php?sn=93570
112626,MEGALOBOX 機甲拳擊,2018/04,第13集,5.5萬,https://ani.gamer.com.tw/animeRef.php?sn=112626
93689,Aikatsu! 偶像學園！Friends,2018/04,第50集,54.9萬,https://ani.gamer.com.tw/animeRef.php?sn=93689
91870,多田君不戀愛,2018/04,第13集,最近搜尋,https://ani.gamer.com.tw/animeRef.php?sn=91870
91929,東京喰種：re,2018/04,第12集,熱門搜尋,https://ani.gamer.com.tw/animeRef.php?sn=91929
92954,隊長小翼,2018/04,第52集,66.6萬,https://ani.gamer.com.tw/animeRef.php?sn=92954
92412,妖怪旅館營業中,2018/04,第26集,73.2萬,https://ani.gamer.com.tw/animeRef.php?sn=92412
91492,宇宙戰艦提拉米斯,2018/04,第16集,161.1萬,https://ani.gamer.com.tw/animeRef.php?sn=91492
112634,冷然之天秤,2018/04,第12集,362.4萬,https://ani.gamer.com.tw/animeRef.php?sn=112634
112622,賽馬娘,2018/04,第13集,83.7萬,https://ani.gamer.com.tw/animeRef.php?sn=112622
105061,魔法 X 戰士 魔力純心,2018/04,第51集,1.2萬,https://ani.gamer.com.tw/animeRef.php?sn=105061
96378,路人超能100 REIGEN ～不為人知的奇蹟靈能力者～,2018/03,第1集,46.9萬,https://ani.gamer.com.tw/animeRef.php?sn=96378
104307,超人力霸王捷德 劇場版,2018/03,第1集,2.7萬,https://ani.gamer.com.tw/animeRef.php?sn=104307
94679,UQ HOLDER！悠久持有者！剎那永恆的初吻,2018/03,第1集,19.1萬,https://ani.gamer.com.tw/animeRef.php?sn=94679
112526,EX-AID Trilogy Another・Ending 假面騎士 Genm VS Lazer,2018/03,第1集,1.7萬,https://ani.gamer.com.tw/animeRef.php?sn=112526
112443,文豪野犬 劇場版 DEAD APPLE,2018/03,第1集,11.5萬,https://ani.gamer.com.tw/animeRef.php?sn=112443
90088,道別的早晨就用約定之花點綴吧,2018/02,第1集,6492,https://ani.gamer.com.tw/animeRef.php?sn=90088
112525,EX-AID Trilogy Another・Ending 假面騎士 Para-DX with Poppy,2018/02,第1集,3.3萬,https://ani.gamer.com.tw/animeRef.php?sn=112525
112524,EX-AID Trilogy Another・Ending 假面騎士 Brave ＆ Snipe,2018/02,第1集,7.2萬,https://ani.gamer.com.tw/animeRef.php?sn=112524
112418,衛宮家今天的餐桌風景,2018/01,第13集,5521,https://ani.gamer.com.tw/animeRef.php?sn=112418
112510,驚爆危機 總集篇 第三部：Into the blue,2018/01,第1集,4652,https://ani.gamer.com.tw/animeRef.php?sn=112510
112509,驚爆危機 總集篇 第二部：One-night stand,2018/01,第1集,43.6萬,https://ani.gamer.com.tw/animeRef.php?sn=112509
92275,劇場版 進擊的巨人 覺醒的咆哮,2018/01,第1集,8848,https://ani.gamer.com.tw/animeRef.php?sn=92275
87252,劇場版 無敵鐵金剛 ／ INFINITY,2018/01,第1集,8828,https://ani.gamer.com.tw/animeRef.php?sn=87252
90115,博多豚骨拉麵團,2018/01,第12集,30.1萬,https://ani.gamer.com.tw/animeRef.php?sn=90115
90863,爆肝工程師的異世界狂想曲,2018/01,第12集,2.9萬,https://ani.gamer.com.tw/animeRef.php?sn=90863
92343,廢柴王子,2018/01,第12集,148.6萬,https://ani.gamer.com.tw/animeRef.php?sn=92343
87902,OVERLORD 第二季,2018/01,第13集,489.1萬,https://ani.gamer.com.tw/animeRef.php?sn=87902
112589,飆速宅男 第四季,2018/01,第25集,6.1萬,https://ani.gamer.com.tw/animeRef.php?sn=112589
90129,龍王的工作！,2018/01,第12集,116.3萬,https://ani.gamer.com.tw/animeRef.php?sn=90129
90583,三顆星彩色冒險,2018/01,第12集,8.6萬,https://ani.gamer.com.tw/animeRef.php?sn=90583
88120,學園奶爸,2018/01,第12集,最近搜尋,https://ani.gamer.com.tw/animeRef.php?sn=88120
87360,刀劍亂舞 - 花丸 - 續篇,2018/01,第12集,熱門搜尋,https://ani.gamer.com.tw/animeRef.php?sn=87360
86733,庫洛魔法使 透明牌篇,2018/01,第22集,179.1萬,https://ani.gamer.com.tw/animeRef.php?sn=86733
112686,慢活開始,2018/01,第12集,11.6萬,https://ani.gamer.com.tw/animeRef.php?sn=112686
85205,七大罪 戒律的復活,2018/01,第24集,167.6萬,https://ani.gamer.com.tw/animeRef.php?sn=85205
92024,伊藤潤二驚選集,2018/01,第14集,8100,https://ani.gamer.com.tw/animeRef.php?sn=92024
85733,皇帝聖印戰記,2018/01,第24集,108.2萬,https://ani.gamer.com.tw/animeRef.php?sn=85733
112623,搖曳露營△,2018/01,第12集,161.5萬,https://ani.gamer.com.tw/animeRef.php?sn=112623
112413,比宇宙更遠的地方,2018/01,第13集,109.3萬,https://ani.gamer.com.tw/animeRef.php?sn=112413
84771,IDOLiSH7 - 偶像星願 -,2018/01,第17集,16.9萬,https://ani.gamer.com.tw/animeRef.php?sn=84771
112580,假面騎士 平成世代 巔峰決戰 BUILD&EX-AID with 傳說騎士,2017/12,第1集,19.2萬,https://ani.gamer.com.tw/animeRef.php?sn=112580
112579,少女與戰車 最終章 第1話,2017/12,第1集,78.4萬,https://ani.gamer.com.tw/animeRef.php?sn=112579
103470,刀劍亂舞 - 花丸 - ～幕間回憶錄～,2017/12,第1集,1萬,https://ani.gamer.com.tw/animeRef.php?sn=103470
112508,驚爆危機 總集篇 第一部：Boy meets girl,2017/11,第1集,1.5萬,https://ani.gamer.com.tw/animeRef.php?sn=112508
85337,請問您今天要來點兔子嗎？ ～Dear My Sister～,2017/11,第1集,1.5萬,https://ani.gamer.com.tw/animeRef.php?sn=85337
88010,3 月的獅子 第二季,2017/10,第22集,1.7萬,https://ani.gamer.com.tw/animeRef.php?sn=88010
71768,Fate/stay night [Heaven's Feel] I. 預示之花,2017/10,第1集,3.8萬,https://ani.gamer.com.tw/animeRef.php?sn=71768
89340,我的女友是個過度認真的處女 Bitch,2017/10,第11集,127.4萬,https://ani.gamer.com.tw/animeRef.php?sn=89340
112629,我家有個魚乾妹 R,2017/10,第12集,33萬,https://ani.gamer.com.tw/animeRef.php?sn=112629
90398,如果有妹妹就好了。,2017/10,第12集,176.8萬,https://ani.gamer.com.tw/animeRef.php?sn=90398
88538,動畫同好會,2017/10,第12集,5.4萬,https://ani.gamer.com.tw/animeRef.php?sn=88538
107906,新企鵝家族 第一季,2017/10,第26集,227.8萬,https://ani.gamer.com.tw/animeRef.php?sn=107906
88978,寶石之國,2017/10,第12集,42.3萬,https://ani.gamer.com.tw/animeRef.php?sn=88978
88747,ClassicaLoid 第二季,2017/10,第25集,3萬,https://ani.gamer.com.tw/animeRef.php?sn=88747
87891,鬼燈的冷徹 第二季,2017/10,第26集,223.2萬,https://ani.gamer.com.tw/animeRef.php?sn=87891
87854,魔法使的新娘,2017/10,第24集,8.9萬,https://ani.gamer.com.tw/animeRef.php?sn=87854
102651,超人力霸王傑洛,2017/10,第26集,272.9萬,https://ani.gamer.com.tw/animeRef.php?sn=102651
89980,少女終末旅行,2017/10,第12集,532萬,https://ani.gamer.com.tw/animeRef.php?sn=89980
88370,奇諾之旅 the Beautiful World,2017/10,第12集,最近搜尋,https://ani.gamer.com.tw/animeRef.php?sn=88370
90714,國王遊戲 The Animation,2017/10,第12集,熱門搜尋,https://ani.gamer.com.tw/animeRef.php?sn=90714
89151,Just Because！,2017/10,第13集,168.1萬,https://ani.gamer.com.tw/animeRef.php?sn=89151
89732,食戟之靈 餐之皿,2017/10,第12集,143.6萬,https://ani.gamer.com.tw/animeRef.php?sn=89732
88744,戰刻夜想曲,2017/10,第12集,116.7萬,https://ani.gamer.com.tw/animeRef.php?sn=88744
88707,品酒要在成為夫妻後,2017/10,第13集,48.2萬,https://ani.gamer.com.tw/animeRef.php?sn=88707
84866,黑色五葉草,2017/10,第127集,19.3萬,https://ani.gamer.com.tw/animeRef.php?sn=84866
112446,阿松 第二季,2017/10,第25集,125.1萬,https://ani.gamer.com.tw/animeRef.php?sn=112446
80993,UQ HOLDER！悠久持有者！,2017/10,第12集,364.8萬,https://ani.gamer.com.tw/animeRef.php?sn=80993
91344,UQ HOLDER！悠久持有者！-Amor Primus ～初戀～,2017/09,第1集,11.3萬,https://ani.gamer.com.tw/animeRef.php?sn=91344
90569,假面騎士 Build,2017/09,第49集,136.3萬,https://ani.gamer.com.tw/animeRef.php?sn=90569
89402,夢幻慶典 第二季,2017/08,第12集,19.3萬,https://ani.gamer.com.tw/animeRef.php?sn=89402
90501,魔法使的新娘 等待星星的人：後篇,2017/08,第1集,70.7萬,https://ani.gamer.com.tw/animeRef.php?sn=90501
88685,終物語 第二季,2017/08,第3集,6.7萬,https://ani.gamer.com.tw/animeRef.php?sn=88685
102028,宇宙戰隊九連者 THE MOVIE Goes Indaver 的逆襲,2017/08,第1集,8.5萬,https://ani.gamer.com.tw/animeRef.php?sn=102028
112277,排球少年！！特集！賭在春高排球上的青春,2017/08,第1集,15.7萬,https://ani.gamer.com.tw/animeRef.php?sn=112277
88688,歡迎來到實力至上主義的教室,2017/07,第12集,7811,https://ani.gamer.com.tw/animeRef.php?sn=88688
86177,辣妹與我的第一次,2017/07,第11集,3.2萬,https://ani.gamer.com.tw/animeRef.php?sn=86177
112685,帶著智慧型手機闖蕩異世界,2017/07,第12集,465.6萬,https://ani.gamer.com.tw/animeRef.php?sn=112685
112416,咕嚕咕嚕魔法陣 第三季,2017/07,第24集,159.4萬,https://ani.gamer.com.tw/animeRef.php?sn=112416
87474,New Game! 第二季,2017/07,第12集,3萬,https://ani.gamer.com.tw/animeRef.php?sn=87474
112646,Princess Principal,2017/07,第12集,8.4萬,https://ani.gamer.com.tw/animeRef.php?sn=112646
112514,半獸人的煩惱,2017/07,第12集,78.1萬,https://ani.gamer.com.tw/animeRef.php?sn=112514
104592,超人力霸王捷德,2017/07,第25集,3.3萬,https://ani.gamer.com.tw/animeRef.php?sn=104592
88519,獨佔我的英雄,2017/07,第12集,3萬,https://ani.gamer.com.tw/animeRef.php?sn=88519
86574,瑪麗與魔女之花,2017/07,第1集,14.3萬,https://ani.gamer.com.tw/animeRef.php?sn=86574
112624,梵諦岡奇蹟調查官,2017/07,第12集,31.9萬,https://ani.gamer.com.tw/animeRef.php?sn=112624
112585,18if 夢境異聞錄,2017/07,第13集,2.5萬,https://ani.gamer.com.tw/animeRef.php?sn=112585
86687,來自深淵,2017/07,第13集,最近搜尋,https://ani.gamer.com.tw/animeRef.php?sn=86687
81502,時間支配者,2017/07,第13集,熱門搜尋,https://ani.gamer.com.tw/animeRef.php?sn=81502
87490,捏造陷阱 -NTR-,2017/07,第12集,311.9萬,https://ani.gamer.com.tw/animeRef.php?sn=87490
84433,最遊記 RELOAD BLAST,2017/07,第12集,57.4萬,https://ani.gamer.com.tw/animeRef.php?sn=84433
88505,單蠢女孩,2017/07,第12集,29.9萬,https://ani.gamer.com.tw/animeRef.php?sn=88505
87489,徒然喜歡你,2017/07,第12集,77.4萬,https://ani.gamer.com.tw/animeRef.php?sn=87489
87549,戀愛與謊言,2017/07,第12集,241.2萬,https://ani.gamer.com.tw/animeRef.php?sn=87549
85035,異世界食堂,2017/07,第12集,195.8萬,https://ani.gamer.com.tw/animeRef.php?sn=85035
112432,闇芝居 第五季,2017/07,第13集,156.2萬,https://ani.gamer.com.tw/animeRef.php?sn=112432
86753,活擊 刀劍亂舞,2017/07,第13集,246.8萬,https://ani.gamer.com.tw/animeRef.php?sn=86753
82759,Hina Logic,2017/06,第12集,4.5萬,https://ani.gamer.com.tw/animeRef.php?sn=82759
111398,誰是大壞狐,2017/06,第1集,14萬,https://ani.gamer.com.tw/animeRef.php?sn=111398
82332,魔法科高中的劣等生 呼喚繁星的少女,2017/06,第1集,48.6萬,https://ani.gamer.com.tw/animeRef.php?sn=82332
85091,星光美男 榮耀之爭,2017/06,第1集,7351,https://ani.gamer.com.tw/animeRef.php?sn=85091
87168,宣告黎明的露之歌,2017/05,第1集,17.7萬,https://ani.gamer.com.tw/animeRef.php?sn=87168
77234,FAIRY TAIL 魔導少年 劇場版 龍之淚,2017/05,第1集,1.5萬,https://ani.gamer.com.tw/animeRef.php?sn=77234
103405,超人力霸王歐布 格鬥歐布,2017/04,第1集,1.5萬,https://ani.gamer.com.tw/animeRef.php?sn=103405
85608,蠟筆小新電影 宇宙人 Pi 力來襲！！,2017/04,第1集,20.3萬,https://ani.gamer.com.tw/animeRef.php?sn=85608
82306,劍姬神聖譚,2017/04,第12集,1萬,https://ani.gamer.com.tw/animeRef.php?sn=82306
84118,末日時在做什麼？有沒有空？可以來拯救嗎？,2017/04,第12集,12.4萬,https://ani.gamer.com.tw/animeRef.php?sn=84118
86651,夏目友人帳 陸,2017/04,第13集,237.5萬,https://ani.gamer.com.tw/animeRef.php?sn=86651
83827,覆面系 NOISE,2017/04,第13集,237.1萬,https://ani.gamer.com.tw/animeRef.php?sn=83827
85332,境界之Rinne 第三季,2017/04,第25集,100萬,https://ani.gamer.com.tw/animeRef.php?sn=85332
82419,情色漫畫老師,2017/04,第12集,59.3萬,https://ani.gamer.com.tw/animeRef.php?sn=82419
86578,春宵苦短，少女前進吧！,2017/04,第1集,3.1萬,https://ani.gamer.com.tw/animeRef.php?sn=86578
85412,快盜天使 Twin Angels BREAK,2017/04,第12集,103.1萬,https://ani.gamer.com.tw/animeRef.php?sn=85412
84895,雛子的筆記,2017/04,第12集,1.6萬,https://ani.gamer.com.tw/animeRef.php?sn=84895
80882,戀愛暴君,2017/04,第12集,2.4萬,https://ani.gamer.com.tw/animeRef.php?sn=80882
86598,慕留人 - 火影新世代 -,2017/04,第149集,最近搜尋,https://ani.gamer.com.tw/animeRef.php?sn=86598
86183,重啟咲良田,2017/04,第24集,熱門搜尋,https://ani.gamer.com.tw/animeRef.php?sn=86183
83973,武裝少女 Machiavellism,2017/04,第13集,133萬,https://ani.gamer.com.tw/animeRef.php?sn=83973
112681,不正經的魔術講師與禁忌教典,2017/04,第12集,181.3萬,https://ani.gamer.com.tw/animeRef.php?sn=112681
88264,少年阿貝GO！GO！小芝麻 第二季,2017/04,第32集,229.4萬,https://ani.gamer.com.tw/animeRef.php?sn=88264
86675,王室教師海涅,2017/04,第12集,6.6萬,https://ani.gamer.com.tw/animeRef.php?sn=86675
86280,機甲少女 Frame Arms Girl,2017/04,第12集,1.8萬,https://ani.gamer.com.tw/animeRef.php?sn=86280
83654,高校星歌劇 第二季,2017/04,第14集,123.2萬,https://ani.gamer.com.tw/animeRef.php?sn=83654
87413,怪怪守護神,2017/04,第12集,55.5萬,https://ani.gamer.com.tw/animeRef.php?sn=87413
85918,愛麗絲與藏六,2017/04,第14集,6.3萬,https://ani.gamer.com.tw/animeRef.php?sn=85918
77679,碧藍幻想,2017/04,第13集,172.2萬,https://ani.gamer.com.tw/animeRef.php?sn=77679
95019,假面騎士×超級戰隊 超超級英雄大戰,2017/03,第1集,96.9萬,https://ani.gamer.com.tw/animeRef.php?sn=95019
83043,午睡公主～不為人知的故事～,2017/03,第1集,130.5萬,https://ani.gamer.com.tw/animeRef.php?sn=83043
102858,超人力霸王歐布 劇場版,2017/03,第1集,3.2萬,https://ani.gamer.com.tw/animeRef.php?sn=102858
72755,進擊的巨人 第二季,2017/03,第17集,1.4萬,https://ani.gamer.com.tw/animeRef.php?sn=72755
79961,刀劍神域 劇場版 序列爭戰,2017/02,第1集,1.6萬,https://ani.gamer.com.tw/animeRef.php?sn=79961
85081,魔法使的新娘 等待星星的人：中篇,2017/02,第1集,686.5萬,https://ani.gamer.com.tw/animeRef.php?sn=85081
68494,虐殺器官,2017/02,第1集,85.1萬,https://ani.gamer.com.tw/animeRef.php?sn=68494
84237,BanG Dream！,2017/01,第14集,7.2萬,https://ani.gamer.com.tw/animeRef.php?sn=84237
80044,黑執事 劇場版 豪華客船編,2017/01,第1集,6.6萬,https://ani.gamer.com.tw/animeRef.php?sn=80044
112431,闇芝居 第四季,2017/01,第13集,84萬,https://ani.gamer.com.tw/animeRef.php?sn=112431
112487,Rewrite 第二季,2017/01,第11集,19.8萬,https://ani.gamer.com.tw/animeRef.php?sn=112487
96580,動物戰隊獸王者 VS 忍忍者 來自未來的訊息 from 超級戰隊,2017/01,第1集,4.5萬,https://ani.gamer.com.tw/animeRef.php?sn=96580
86676,MARGINAL#4,2017/01,第12集,2.3萬,https://ani.gamer.com.tw/animeRef.php?sn=86676
83810,超級戀人 第二季,2017/01,第10集,1.2萬,https://ani.gamer.com.tw/animeRef.php?sn=83810
82626,為美好的世界獻上祝福！ 第二季,2017/01,第10集,21.7萬,https://ani.gamer.com.tw/animeRef.php?sn=82626
83939,舌尖上的義大利,2017/01,第12集,42.5萬,https://ani.gamer.com.tw/animeRef.php?sn=83939
76249,混沌之子,2017/01,第15集,540.5萬,https://ani.gamer.com.tw/animeRef.php?sn=76249
83826,動物朋友,2017/01,第12集,最近搜尋,https://ani.gamer.com.tw/animeRef.php?sn=83826
83565,ACCA13 區監察課,2017/01,第12集,熱門搜尋,https://ani.gamer.com.tw/animeRef.php?sn=83565
82670,Hand Shakers,2017/01,第12集,105萬,https://ani.gamer.com.tw/animeRef.php?sn=82670
112587,飆速宅男 第三季,2017/01,第25集,86.9萬,https://ani.gamer.com.tw/animeRef.php?sn=112587
78980,南鎌倉高校女子自行車社,2017/01,第13集,62.4萬,https://ani.gamer.com.tw/animeRef.php?sn=78980
84993,亞人醬有話要說,2017/01,第13集,8.6萬,https://ani.gamer.com.tw/animeRef.php?sn=84993
112593,傷物語 III 冷血篇,2017/01,第1集,23.9萬,https://ani.gamer.com.tw/animeRef.php?sn=112593
112533,昭和元祿 落語心中 第二季,2017/01,第12集,154.3萬,https://ani.gamer.com.tw/animeRef.php?sn=112533
86802,幼女戰記,2017/01,第13集,1萬,https://ani.gamer.com.tw/animeRef.php?sn=86802
84486,風夏,2017/01,第12集,1.6萬,https://ani.gamer.com.tw/animeRef.php?sn=84486
84116,青之驅魔師 京都不淨王篇,2017/01,第12集,365.3萬,https://ani.gamer.com.tw/animeRef.php?sn=84116
84023,政宗君的復仇,2017/01,第12集,20.5萬,https://ani.gamer.com.tw/animeRef.php?sn=84023
86178,殺老師 Q！,2016/12,第12集,162.7萬,https://ani.gamer.com.tw/animeRef.php?sn=86178
74561,鎖鏈戰記 赫克瑟塔斯之光,2016/12,第3集,120.9萬,https://ani.gamer.com.tw/animeRef.php?sn=74561
85514,假面騎士平成 GENERATIONS Dr.Pac-Man 對 EX-AID ＆ Ghost with 傳奇騎士,2016/12,第1集,91.2萬,https://ani.gamer.com.tw/animeRef.php?sn=85514
80136,天地無用！魎皇鬼 第 4 期,2016/11,第4集,24.5萬,https://ani.gamer.com.tw/animeRef.php?sn=80136
78981,劇場版 艦隊 Collection,2016/11,第1集,5.5萬,https://ani.gamer.com.tw/animeRef.php?sn=78981
85224,暗殺教室 365 日倒數計時,2016/11,第1集,2.4萬,https://ani.gamer.com.tw/animeRef.php?sn=85224
112442,寶可夢 太陽＆月亮,2016/11,第146集,2.7萬,https://ani.gamer.com.tw/animeRef.php?sn=112442
84783,黃金拼圖 Pretty Days,2016/11,第1集,15.1萬,https://ani.gamer.com.tw/animeRef.php?sn=84783
111397,毛孩總動員,2016/10,第1集,32.9萬,https://ani.gamer.com.tw/animeRef.php?sn=111397
79679,3 月的獅子,2016/10,第23集,1.4萬,https://ani.gamer.com.tw/animeRef.php?sn=79679
78207,ClassicaLoid,2016/10,第25集,5882,https://ani.gamer.com.tw/animeRef.php?sn=78207
77575,長騎美眉,2016/10,第13集,190.3萬,https://ani.gamer.com.tw/animeRef.php?sn=77575
83106,失憶煽動WIXOSS,2016/10,第12集,9萬,https://ani.gamer.com.tw/animeRef.php?sn=83106
82779,夢幻慶典,2016/10,第12集,24.8萬,https://ani.gamer.com.tw/animeRef.php?sn=82779
112537,ALL OUT!!,2016/10,第25集,10.2萬,https://ani.gamer.com.tw/animeRef.php?sn=112537
82422,我太受歡迎了該怎麼辦,2016/10,第12集,8.7萬,https://ani.gamer.com.tw/animeRef.php?sn=82422
82794,YURI!!!on ICE,2016/10,第12集,最近搜尋,https://ani.gamer.com.tw/animeRef.php?sn=82794
82471,文豪野犬 第二季,2016/10,第13集,熱門搜尋,https://ani.gamer.com.tw/animeRef.php?sn=82471
82251,無畏魔女,2016/10,第12集,108.9萬,https://ani.gamer.com.tw/animeRef.php?sn=82251
84296,神裝少女小纏,2016/10,第13集,149.2萬,https://ani.gamer.com.tw/animeRef.php?sn=84296
82696,夏目友人帳 伍,2016/10,第14集,36.3萬,https://ani.gamer.com.tw/animeRef.php?sn=82696
80520,黑白來看守所,2016/10,第25集,47.1萬,https://ani.gamer.com.tw/animeRef.php?sn=80520
112536,12歲。～小小的怦然心動～ 第二季,2016/10,第12集,102.8萬,https://ani.gamer.com.tw/animeRef.php?sn=112536
84931,假面騎士 EX-AID,2016/10,第45集,237.9萬,https://ani.gamer.com.tw/animeRef.php?sn=84931
78085,歌之王子殿下 真愛 LEGEND STAR,2016/10,第13集,1.5萬,https://ani.gamer.com.tw/animeRef.php?sn=78085
84230,ViVid Strike！,2016/10,第12集,38.4萬,https://ani.gamer.com.tw/animeRef.php?sn=84230
83821,終末的伊澤塔,2016/10,第12集,26.6萬,https://ani.gamer.com.tw/animeRef.php?sn=83821
112441,烏龍派出所特別篇 - The Final 兩津勘吉的最後一天,2016/09,第1集,13.1萬,https://ani.gamer.com.tw/animeRef.php?sn=112441
112608,飆速宅男 SPARE BIKE,2016/09,第1集,20.8萬,https://ani.gamer.com.tw/animeRef.php?sn=112608
76301,七大罪 聖戰的預兆,2016/08,第4集,7.1萬,https://ani.gamer.com.tw/animeRef.php?sn=76301
112592,傷物語 II 熱血篇,2016/08,第1集,5499,https://ani.gamer.com.tw/animeRef.php?sn=112592
91566,起源：首爾車站,2016/08,第1集,11.3萬,https://ani.gamer.com.tw/animeRef.php?sn=91566
82333,魔法使的新娘 等待星星的人：前篇,2016/08,第1集,8832,https://ani.gamer.com.tw/animeRef.php?sn=82333
102027,劇場版 動物戰隊獸王者 心跳不已馬戲團恐慌！,2016/08,第1集,3.2萬,https://ani.gamer.com.tw/animeRef.php?sn=102027
98167,劇場版 假面騎士 Ghost 100個眼魂與Ghost命運的瞬間,2016/08,第1集,9.8萬,https://ani.gamer.com.tw/animeRef.php?sn=98167
79942,加速世界 INFINITE BURST,2016/07,第1集,4524,https://ani.gamer.com.tw/animeRef.php?sn=79942
82770,槍彈辯駁 3 絕望編,2016/07,第12集,1.6萬,https://ani.gamer.com.tw/animeRef.php?sn=82770
80784,槍彈辯駁 3 未來編,2016/07,第12集,27.8萬,https://ani.gamer.com.tw/animeRef.php?sn=80784
80767,路人超能 100,2016/07,第12集,119.6萬,https://ani.gamer.com.tw/animeRef.php?sn=80767
80936,Active Raid -機動強襲室第八組- 第二季,2016/07,第12集,118.8萬,https://ani.gamer.com.tw/animeRef.php?sn=80936
83202,超人力霸王歐布,2016/07,第25集,322.1萬,https://ani.gamer.com.tw/animeRef.php?sn=83202
82728,91 Days,2016/07,第13集,4萬,https://ani.gamer.com.tw/animeRef.php?sn=82728
79967,藍海少女,2016/07,第12集,9.8萬,https://ani.gamer.com.tw/animeRef.php?sn=79967
79938,發條精靈戰記 天鏡的極北之星,2016/07,第13集,19.2萬,https://ani.gamer.com.tw/animeRef.php?sn=79938
80272,這個美術社大有問題！,2016/07,第12集,最近搜尋,https://ani.gamer.com.tw/animeRef.php?sn=80272
79816,Fate/kaleid liner 魔法少女☆伊莉雅 3rei！！,2016/07,第12集,熱門搜尋,https://ani.gamer.com.tw/animeRef.php?sn=79816
82751,男子啦啦隊！！,2016/07,第13集,148.7萬,https://ani.gamer.com.tw/animeRef.php?sn=82751
79813,魔裝學園 H×H,2016/07,第12集,80.3萬,https://ani.gamer.com.tw/animeRef.php?sn=79813
78427,吸血鬼僕人,2016/07,第13集,24.4萬,https://ani.gamer.com.tw/animeRef.php?sn=78427
112529,New Game!,2016/07,第12集,41.2萬,https://ani.gamer.com.tw/animeRef.php?sn=112529
83267,齊木楠雄的災難,2016/07,第24集,85.8萬,https://ani.gamer.com.tw/animeRef.php?sn=83267
82775,香蕉喵,2016/07,第13集,10萬,https://ani.gamer.com.tw/animeRef.php?sn=82775
112684,DAYS,2016/07,第24集,106.6萬,https://ani.gamer.com.tw/animeRef.php?sn=112684
112486,Rewrite,2016/07,第13集,9.4萬,https://ani.gamer.com.tw/animeRef.php?sn=112486
82793,B-PROJECT～鼓動＊Ambitious～,2016/07,第12集,8380,https://ani.gamer.com.tw/animeRef.php?sn=82793
76535,小桃小栗 Love Love 物語,2016/07,第13集,4.5萬,https://ani.gamer.com.tw/animeRef.php?sn=76535
75714,ReLIFE 重返 17 歲,2016/07,第17集,7.6萬,https://ani.gamer.com.tw/animeRef.php?sn=75714
81932,不愉快的妖怪庵,2016/06,第13集,61萬,https://ani.gamer.com.tw/animeRef.php?sn=81932
80781,超人力霸王 X 劇場版,2016/05,第1集,92.3萬,https://ani.gamer.com.tw/animeRef.php?sn=80781
112276,排球少年！！VS 掛科,2016/05,第1集,12.7萬,https://ani.gamer.com.tw/animeRef.php?sn=112276
80347,蠟筆小新電影 爆睡 夢世界大作戰！,2016/04,第1集,1.1萬,https://ani.gamer.com.tw/animeRef.php?sn=80347
75660,至高指令,2016/04,第10集,3萬,https://ani.gamer.com.tw/animeRef.php?sn=75660
78704,飛翔的魔女,2016/04,第12集,10.3萬,https://ani.gamer.com.tw/animeRef.php?sn=78704
112631,田中君總是如此慵懶,2016/04,第12集,13.1萬,https://ani.gamer.com.tw/animeRef.php?sn=112631
112491,高校艦隊,2016/04,第14集,100.1萬,https://ani.gamer.com.tw/animeRef.php?sn=112491
79559,境界之Rinne 第二季,2016/04,第25集,4.8萬,https://ani.gamer.com.tw/animeRef.php?sn=79559
82087,Aikatsu! 偶像學園！STARS,2016/04,第50集,13.9萬,https://ani.gamer.com.tw/animeRef.php?sn=82087
78883,線上遊戲的老婆不可能是女生？,2016/04,第12集,4.5萬,https://ani.gamer.com.tw/animeRef.php?sn=78883
78004,Anne-Happy,2016/04,第12集,40.4萬,https://ani.gamer.com.tw/animeRef.php?sn=78004
74297,甲鐵城的卡巴內里,2016/04,第12集,142.9萬,https://ani.gamer.com.tw/animeRef.php?sn=74297
80633,雙星之陰陽師,2016/04,第50集,20.8萬,https://ani.gamer.com.tw/animeRef.php?sn=80633
79845,超級戀人,2016/04,第10集,28.3萬,https://ani.gamer.com.tw/animeRef.php?sn=79845
82859,少年阿貝GO！GO！小芝麻,2016/04,第32集,最近搜尋,https://ani.gamer.com.tw/animeRef.php?sn=82859
112535,12歲。～小小的怦然心動～,2016/04,第12集,熱門搜尋,https://ani.gamer.com.tw/animeRef.php?sn=112535
77080,Hundred 百武裝戰記,2016/04,第12集,5萬,https://ani.gamer.com.tw/animeRef.php?sn=77080
80035,當女孩遇到熊,2016/04,第12集,3.2萬,https://ani.gamer.com.tw/animeRef.php?sn=80035
78471,Re：從零開始的異世界生活,2016/04,第25集,83.5萬,https://ani.gamer.com.tw/animeRef.php?sn=78471
79653,逆轉裁判,2016/04,第24集,45.5萬,https://ani.gamer.com.tw/animeRef.php?sn=79653
80231,JOJO 的奇妙冒險 不滅鑽石,2016/04,第39集,1072.4萬,https://ani.gamer.com.tw/animeRef.php?sn=80231
82084,假面騎士 1 號,2016/03,第1集,31.8萬,https://ani.gamer.com.tw/animeRef.php?sn=82084
102029,手裏劍戰隊忍忍者 VS 烈車戰隊特急者 THE MOVIE,2016/01,第1集,827.8萬,https://ani.gamer.com.tw/animeRef.php?sn=102029
76677,為美好的世界獻上祝福！,2016/01,第10集,2.1萬,https://ani.gamer.com.tw/animeRef.php?sn=76677
78467,赤髮白雪姬 第二季,2016/01,第12集,5608,https://ani.gamer.com.tw/animeRef.php?sn=78467
112573,Dimension W 維度戰記,2016/01,第12集,436萬,https://ani.gamer.com.tw/animeRef.php?sn=112573
112430,闇芝居 第三季,2016/01,第13集,74.8萬,https://ani.gamer.com.tw/animeRef.php?sn=112430
80172,魔法護士小麥 R,2016/01,第12集,4.3萬,https://ani.gamer.com.tw/animeRef.php?sn=80172
80130,灰與幻想的格林姆迦爾,2016/01,第12集,5.3萬,https://ani.gamer.com.tw/animeRef.php?sn=80130
78897,虹色時光,2016/01,第24集,9154,https://ani.gamer.com.tw/animeRef.php?sn=78897
81198,星光美男 彩虹舞台,2016/01,第1集,63萬,https://ani.gamer.com.tw/animeRef.php?sn=81198
80570,Luck & Logic,2016/01,第12集,31.6萬,https://ani.gamer.com.tw/animeRef.php?sn=80570
73150,無頭騎士異聞錄 DuRaRaRa!!×2 結,2016/01,第12集,2.8萬,https://ani.gamer.com.tw/animeRef.php?sn=73150
112683,GATE 奇幻自衛隊 第二季,2016/01,第12集,31.5萬,https://ani.gamer.com.tw/animeRef.php?sn=112683
112591,傷物語 I 鐵血篇,2016/01,第1集,20.6萬,https://ani.gamer.com.tw/animeRef.php?sn=112591
112532,昭和元祿 落語心中,2016/01,第13集,6.7萬,https://ani.gamer.com.tw/animeRef.php?sn=112532
111587,魯邦三世 義大利遊戲,2016/01,第1集,1.5萬,https://ani.gamer.com.tw/animeRef.php?sn=111587
80400,百無禁忌！女高中生私房話,2016/01,第12集,2.8萬,https://ani.gamer.com.tw/animeRef.php?sn=80400
80014,Active Raid -機動強襲室第八組-,2016/01,第12集,1.4萬,https://ani.gamer.com.tw/animeRef.php?sn=80014
78333,夢幻之星 Online 2,2016/01,第12集,18.5萬,https://ani.gamer.com.tw/animeRef.php?sn=78333
77921,只有我不存在的城市,2016/01,第12集,6.8萬,https://ani.gamer.com.tw/animeRef.php?sn=77921
76842,暗殺教室 第二季,2016/01,第25集,26.9萬,https://ani.gamer.com.tw/animeRef.php?sn=76842
79011,無彩限的幻影世界,2016/01,第13集,最近搜尋,https://ani.gamer.com.tw/animeRef.php?sn=79011
102008,達洋貓：不可思議劇場,2016/01,第1集,熱門搜尋,https://ani.gamer.com.tw/animeRef.php?sn=102008
80201,假面騎士Ghost&Drive,2015/12,第1集,13.9萬,https://ani.gamer.com.tw/animeRef.php?sn=80201
74295,和諧,2015/11,第1集,2798,https://ani.gamer.com.tw/animeRef.php?sn=74295
112628,寶可夢 XY＆Z,2015/10,第48集,2.3萬,https://ani.gamer.com.tw/animeRef.php?sn=112628
75298,請問您今天要來點兔子嗎？？,2015/10,第12集,5.4萬,https://ani.gamer.com.tw/animeRef.php?sn=75298
76091,新妹魔王的契約者 BURST,2015/10,第10集,6.7萬,https://ani.gamer.com.tw/animeRef.php?sn=76091
75681,櫻子小姐的腳下埋著屍體,2015/10,第12集,70.2萬,https://ani.gamer.com.tw/animeRef.php?sn=75681
74665,緋彈的亞莉亞 AA,2015/10,第12集,15.8萬,https://ani.gamer.com.tw/animeRef.php?sn=74665
112445,阿松,2015/10,第24集,54.2萬,https://ani.gamer.com.tw/animeRef.php?sn=112445
112505,假面騎士 Ghost,2015/10,第50集,22.9萬,https://ani.gamer.com.tw/animeRef.php?sn=112505
78527,彗星路西法,2015/10,第12集,15.6萬,https://ani.gamer.com.tw/animeRef.php?sn=78527
78145,Concrete‧Revolutio 超人幻想,2015/10,第13集,5.8萬,https://ani.gamer.com.tw/animeRef.php?sn=78145
75930,一拳超人,2015/10,第12集,5.8萬,https://ani.gamer.com.tw/animeRef.php?sn=75930
78087,終物語,2015/10,第12集,10.5萬,https://ani.gamer.com.tw/animeRef.php?sn=78087
76284,流浪神差 ARAGOTO,2015/10,第13集,454.1萬,https://ani.gamer.com.tw/animeRef.php?sn=76284
74293,屍者的帝國,2015/10,第1集,26萬,https://ani.gamer.com.tw/animeRef.php?sn=74293
73446,K: Return of Kings,2015/10,第13集,99.8萬,https://ani.gamer.com.tw/animeRef.php?sn=73446
73148,重裝武器,2015/10,第24集,6.5萬,https://ani.gamer.com.tw/animeRef.php?sn=73148
90639,Aikatsu! 偶像學園！第4季,2015/10,第26集,37.9萬,https://ani.gamer.com.tw/animeRef.php?sn=90639
77058,青年黑傑克,2015/10,第12集,60.4萬,https://ani.gamer.com.tw/animeRef.php?sn=77058
73324,魯邦三世 PART4,2015/10,第26集,6萬,https://ani.gamer.com.tw/animeRef.php?sn=73324
69300,槍與假面舞會,2015/10,第12集,29.2萬,https://ani.gamer.com.tw/animeRef.php?sn=69300
75521,魔鬼戀人 第二季,2015/09,第12集,6萬,https://ani.gamer.com.tw/animeRef.php?sn=75521
112609,飆速宅男 劇場版,2015/08,第1集,8.6萬,https://ani.gamer.com.tw/animeRef.php?sn=112609
102036,手裏劍戰隊忍忍者 THE MOVIE 恐龍殿下的驚天忍法帖！,2015/08,第1集,37.4萬,https://ani.gamer.com.tw/animeRef.php?sn=102036
79364,劇場版 假面騎士 Drive SURPRISE FUTURE,2015/08,第1集,9791,https://ani.gamer.com.tw/animeRef.php?sn=79364
76922,超人力霸王 X,2015/07,第24集,4196,https://ani.gamer.com.tw/animeRef.php?sn=76922
71954,監獄學園,2015/07,第12集,最近搜尋,https://ani.gamer.com.tw/animeRef.php?sn=71954
71038,學園孤島,2015/07,第12集,熱門搜尋,https://ani.gamer.com.tw/animeRef.php?sn=71038
112618,我家有個魚乾妹,2015/07,第12集,66.5萬,https://ani.gamer.com.tw/animeRef.php?sn=112618
71848,純情羅曼史 3,2015/07,第12集,51.9萬,https://ani.gamer.com.tw/animeRef.php?sn=71848
71555,空戰魔導士培訓生的教官,2015/07,第12集,9.2萬,https://ani.gamer.com.tw/animeRef.php?sn=71555
75962,魔物娘的同居日常,2015/07,第12集,25.2萬,https://ani.gamer.com.tw/animeRef.php?sn=75962
75275,赤髮白雪姬,2015/07,第13集,40.2萬,https://ani.gamer.com.tw/animeRef.php?sn=75275
72814,噬神者,2015/07,第13集,98.8萬,https://ani.gamer.com.tw/animeRef.php?sn=72814
65059,新科學小飛俠 insight,2015/07,第13集,94.9萬,https://ani.gamer.com.tw/animeRef.php?sn=65059
112632,六花的勇者,2015/07,第12集,83.8萬,https://ani.gamer.com.tw/animeRef.php?sn=112632
112540,WORKING!!迷糊餐廳 第三季,2015/07,第15集,5.8萬,https://ani.gamer.com.tw/animeRef.php?sn=112540
74763,夏洛特,2015/07,第14集,5萬,https://ani.gamer.com.tw/animeRef.php?sn=74763
73149,無頭騎士異聞錄 DuRaRaRa!!×2 轉,2015/07,第12集,6.1萬,https://ani.gamer.com.tw/animeRef.php?sn=73149
112682,GATE 奇幻自衛隊,2015/07,第12集,135.8萬,https://ani.gamer.com.tw/animeRef.php?sn=112682
75414,潮與虎,2015/07,第39集,18.4萬,https://ani.gamer.com.tw/animeRef.php?sn=75414
75654,Chaos Dragon 赤龍戰役,2015/07,第12集,8.7萬,https://ani.gamer.com.tw/animeRef.php?sn=75654
68752,劇場版 進擊的巨人 後編 自由之翼,2015/06,第1集,145.6萬,https://ani.gamer.com.tw/animeRef.php?sn=68752
82573,愛波的異想世界,2015/06,第1集,6.7萬,https://ani.gamer.com.tw/animeRef.php?sn=82573
71163,Love Live! 學園偶像 電影,2015/06,第1集,8.7萬,https://ani.gamer.com.tw/animeRef.php?sn=71163
77916,你永遠是我的寶貝,2015/06,第1集,6352,https://ani.gamer.com.tw/animeRef.php?sn=77916
74321,劇場版 境界的彼方 未來篇,2015/04,第1集,7.3萬,https://ani.gamer.com.tw/animeRef.php?sn=74321
71573,七龍珠 Z 劇場版：復活的「F」,2015/04,第1集,1.6萬,https://ani.gamer.com.tw/animeRef.php?sn=71573
72490,絕命制裁 X,2015/04,第10集,5.4萬,https://ani.gamer.com.tw/animeRef.php?sn=72490
68467,Hello！！黃金拼圖,2015/04,第12集,6.9萬,https://ani.gamer.com.tw/animeRef.php?sn=68467
73934,境界之Rinne,2015/04,第25集,11.8萬,https://ani.gamer.com.tw/animeRef.php?sn=73934
71769,Fate/stay night [Unlimited Blade Works] 第二季,2015/04,第13集,16.6萬,https://ani.gamer.com.tw/animeRef.php?sn=71769
73570,在地下城尋求邂逅是否搞錯了什麼,2015/04,第14集,7.8萬,https://ani.gamer.com.tw/animeRef.php?sn=73570
68911,小長門有希的消失,2015/04,第16集,124.8萬,https://ani.gamer.com.tw/animeRef.php?sn=68911
69017,果然我的青春戀愛喜劇搞錯了。續,2015/04,第13集,最近搜尋,https://ani.gamer.com.tw/animeRef.php?sn=69017
74580,超級英雄大戰 GP 假面騎士 3 號,2015/03,第1集,熱門搜尋,https://ani.gamer.com.tw/animeRef.php?sn=74580
73984,劇場版 超人力霸王銀河 S 決戰！力霸王 10 勇士,2015/03,第1集,282.5萬,https://ani.gamer.com.tw/animeRef.php?sn=73984
71238,劇場版 境界的彼方 過去篇,2015/03,第1集,1.4萬,https://ani.gamer.com.tw/animeRef.php?sn=71238
112273,排球少年！！列夫前來拜見！,2015/03,第1集,9796,https://ani.gamer.com.tw/animeRef.php?sn=112273
68506,黑執事 幽鬼城殺人事件篇,2015/01,第5集,4.2萬,https://ani.gamer.com.tw/animeRef.php?sn=68506
102038,烈車戰隊特急者 VS 強龍者 THE MOVIE,2015/01,第1集,3.2萬,https://ani.gamer.com.tw/animeRef.php?sn=102038
112484,聖劍使的禁咒詠唱,2015/01,第12集,30.5萬,https://ani.gamer.com.tw/animeRef.php?sn=112484
64596,純潔的瑪利亞,2015/01,第12集,6017,https://ani.gamer.com.tw/animeRef.php?sn=64596
73016,少年好萊塢 第二季,2015/01,第13集,7.3萬,https://ani.gamer.com.tw/animeRef.php?sn=73016
68316,無頭騎士異聞錄 DuRaRaRa!!×2 承,2015/01,第12集,16萬,https://ani.gamer.com.tw/animeRef.php?sn=68316
72735,JOJO 的奇妙冒險 星塵遠征軍 埃及篇,2015/01,第24集,1.5萬,https://ani.gamer.com.tw/animeRef.php?sn=72735
71034,暗殺教室,2015/01,第22集,25.5萬,https://ani.gamer.com.tw/animeRef.php?sn=71034
71094,銃皇無盡的法夫納,2015/01,第12集,485.9萬,https://ani.gamer.com.tw/animeRef.php?sn=71094
70926,幸腹塗鴉,2015/01,第12集,249萬,https://ani.gamer.com.tw/animeRef.php?sn=70926
102857,超人力霸王勝利 超級戰鬥,2015/01,第1集,13.5萬,https://ani.gamer.com.tw/animeRef.php?sn=102857
68437,新妹魔王的契約者,2015/01,第12集,15.9萬,https://ani.gamer.com.tw/animeRef.php?sn=68437
64444,艦隊 Collection,2015/01,第12集,6329,https://ani.gamer.com.tw/animeRef.php?sn=64444
73014,美男高校地球防衛部LOVE!,2015/01,第12集,31.1萬,https://ani.gamer.com.tw/animeRef.php?sn=73014
72362,百合熊風暴,2015/01,第12集,23.9萬,https://ani.gamer.com.tw/animeRef.php?sn=72362
102007,達洋貓：穿越時空的奪色冒險,2015/01,第4集,6.9萬,https://ani.gamer.com.tw/animeRef.php?sn=102007
71233,名偵探柯南：江戶川柯南失蹤事件 ～史上最糟糕的兩天～,2014/12,第1集,5萬,https://ani.gamer.com.tw/animeRef.php?sn=71233
68751,劇場版 進擊的巨人 前編 紅蓮的弓矢,2014/11,第1集,2009,https://ani.gamer.com.tw/animeRef.php?sn=68751
107908,史努比 (2014),2014/11,第104集,4萬,https://ani.gamer.com.tw/animeRef.php?sn=107908
112644,四月是你的謊言,2014/10,第22集,12.1萬,https://ani.gamer.com.tw/animeRef.php?sn=112644
72058,白箱 SHIROBAKO,2014/10,第26集,5.1萬,https://ani.gamer.com.tw/animeRef.php?sn=72058
67670,TRINITY SEVEN 魔道書 7 使者,2014/10,第12集,14.5萬,https://ani.gamer.com.tw/animeRef.php?sn=67670
112531,飆速宅男 第二季,2014/10,第24集,49.8萬,https://ani.gamer.com.tw/animeRef.php?sn=112531
69746,我家浴室的二三事,2014/10,第13集,最近搜尋,https://ani.gamer.com.tw/animeRef.php?sn=69746
66580,巴哈姆特之怒 GENESIS,2014/10,第13集,熱門搜尋,https://ani.gamer.com.tw/animeRef.php?sn=66580
112572,假面騎士 Drive,2014/10,第48集,22.2萬,https://ani.gamer.com.tw/animeRef.php?sn=112572
112584,神偷怪盜 1412,2014/10,第24集,63.8萬,https://ani.gamer.com.tw/animeRef.php?sn=112584
71917,天使與龍的輪舞,2014/10,第25集,10萬,https://ani.gamer.com.tw/animeRef.php?sn=71917
67396,Fate/stay night [Unlimited Blade Works],2014/10,第13集,8.9萬,https://ani.gamer.com.tw/animeRef.php?sn=67396
66581,尋找失去的未來,2014/10,第12集,111.6萬,https://ani.gamer.com.tw/animeRef.php?sn=66581
87420,Aikatsu! 偶像學園！第3季,2014/10,第51集,141萬,https://ani.gamer.com.tw/animeRef.php?sn=87420
71309,烈車戰隊特急者 THE MOVIE Galaxy Line SOS,2014/07,第1集,25.5萬,https://ani.gamer.com.tw/animeRef.php?sn=71309
71308,劇場版 假面騎士 鎧武 足球大決戰！黃金的果實爭奪盃！,2014/07,第1集,14萬,https://ani.gamer.com.tw/animeRef.php?sn=71308
112594,超人力霸王銀河 S,2014/07,第16集,8770,https://ani.gamer.com.tw/animeRef.php?sn=112594
112422,K MISSING KINGS,2014/07,第1集,1.5萬,https://ani.gamer.com.tw/animeRef.php?sn=112422
40982,三坪房間的侵略者！？,2014/07,第12集,9293,https://ani.gamer.com.tw/animeRef.php?sn=40982
67071,黑執事 馬戲團篇,2014/07,第10集,1.3萬,https://ani.gamer.com.tw/animeRef.php?sn=67071
65037,前進吧！登山少女 第二季,2014/07,第24集,59萬,https://ani.gamer.com.tw/animeRef.php?sn=65037
112429,闇芝居 第二季,2014/07,第13集,42.2萬,https://ani.gamer.com.tw/animeRef.php?sn=112429
68520,戲劇性謀殺,2014/07,第12集,27萬,https://ani.gamer.com.tw/animeRef.php?sn=68520
68499,月刊少女野崎同學,2014/07,第12集,7.1萬,https://ani.gamer.com.tw/animeRef.php?sn=68499
67203,斬！赤紅之瞳,2014/07,第24集,14.1萬,https://ani.gamer.com.tw/animeRef.php?sn=67203
68309,少年好萊塢,2014/07,第13集,138.6萬,https://ani.gamer.com.tw/animeRef.php?sn=68309
66635,刀劍神域 Sword Art Online 第二季,2014/07,第24集,193.1萬,https://ani.gamer.com.tw/animeRef.php?sn=66635
68568,白銀的意志,2014/07,第24集,3萬,https://ani.gamer.com.tw/animeRef.php?sn=68568
67335,FREE! 男子游泳部 -Eternal Summer-,2014/07,第13集,602.7萬,https://ani.gamer.com.tw/animeRef.php?sn=67335
64979,天降之物 Final 永遠的我的鳥籠,2014/04,第1集,12.1萬,https://ani.gamer.com.tw/animeRef.php?sn=64979
66166,蠟筆小新：大對決！機器人爸爸的反擊！,2014/04,第1集,33.3萬,https://ani.gamer.com.tw/animeRef.php?sn=66166
65516,請問您今天要來點兔子嗎？,2014/04,第12集,3.9萬,https://ani.gamer.com.tw/animeRef.php?sn=65516
63284,NO GAME NO LIFE 遊戲人生,2014/04,第12集,6.2萬,https://ani.gamer.com.tw/animeRef.php?sn=63284
53540,漫畫家與助手,2014/04,第12集,70.2萬,https://ani.gamer.com.tw/animeRef.php?sn=53540
112638,一週的朋友。,2014/04,第12集,最近搜尋,https://ani.gamer.com.tw/animeRef.php?sn=112638
64622,魔法科高中的劣等生,2014/04,第26集,熱門搜尋,https://ani.gamer.com.tw/animeRef.php?sn=64622
64107,金色琴弦 Blue Sky,2014/04,第12集,3.8萬,https://ani.gamer.com.tw/animeRef.php?sn=64107
112600,蟲師 續章,2014/04,第21集,202.3萬,https://ani.gamer.com.tw/animeRef.php?sn=112600
64801,JOJO 的奇妙冒險 星塵遠征軍,2014/04,第24集,9.5萬,https://ani.gamer.com.tw/animeRef.php?sn=64801
62671,惡魔謎題,2014/04,第12集,6.6萬,https://ani.gamer.com.tw/animeRef.php?sn=62671
67635,平成騎士對昭和騎士 假面騎士大戰 feat. 超級戰隊,2014/03,第1集,509.8萬,https://ani.gamer.com.tw/animeRef.php?sn=67635
112444,Little Busters ! EX,2014/01,第8集,20.4萬,https://ani.gamer.com.tw/animeRef.php?sn=112444
112636,偶像大師 劇場版 前往光輝的另一端！,2014/01,第1集,3.9萬,https://ani.gamer.com.tw/animeRef.php?sn=112636
65250,獸電戰隊強龍者 VS Go Busters 恐龍大決戰！ 再見永遠的朋友啊,2014/01,第1集,2.3萬,https://ani.gamer.com.tw/animeRef.php?sn=65250
63560,WIZARD BARRISTERS～弁魔士賽希爾,2014/01,第12集,2957,https://ani.gamer.com.tw/animeRef.php?sn=63560
64348,銀之匙 第二季,2014/01,第11集,2萬,https://ani.gamer.com.tw/animeRef.php?sn=64348
63310,魔法戰爭,2014/01,第12集,8萬,https://ani.gamer.com.tw/animeRef.php?sn=63310
62707,鬼燈的冷徹,2014/01,第13集,65.2萬,https://ani.gamer.com.tw/animeRef.php?sn=62707
63959,流浪神差,2014/01,第12集,30.9萬,https://ani.gamer.com.tw/animeRef.php?sn=63959
42086,達洋貓,2014/01,第17集,117.5萬,https://ani.gamer.com.tw/animeRef.php?sn=42086
66639,刀劍神域 Extra Edition,2013/12,第1集,100.6萬,https://ani.gamer.com.tw/animeRef.php?sn=66639
60976,魔法少女小圓 新編 叛逆的物語,2013/10,第1集,1.1萬,https://ani.gamer.com.tw/animeRef.php?sn=60976
112625,寶可夢 XY,2013/10,第97集,32.7萬,https://ani.gamer.com.tw/animeRef.php?sn=112625
61840,蒼翼默示錄 Alter Memory,2013/10,第12集,10.2萬,https://ani.gamer.com.tw/animeRef.php?sn=61840
112530,飆速宅男,2013/10,第38集,14萬,https://ani.gamer.com.tw/animeRef.php?sn=112530
59825,機巧少女不會受傷,2013/10,第12集,8.8萬,https://ani.gamer.com.tw/animeRef.php?sn=59825
112617,假面騎士 鎧武,2013/10,第47集,28.6萬,https://ani.gamer.com.tw/animeRef.php?sn=112617
62725,MAGI 魔奇少年 第二季,2013/10,第25集,59.6萬,https://ani.gamer.com.tw/animeRef.php?sn=62725
61087,Little Busters ! ～Refrain～,2013/10,第13集,4.9萬,https://ani.gamer.com.tw/animeRef.php?sn=61087
112482,KILL la KILL,2013/10,第24集,72.6萬,https://ani.gamer.com.tw/animeRef.php?sn=112482
72012,Aikatsu! 偶像學園！第2季,2013/10,第51集,8.2萬,https://ani.gamer.com.tw/animeRef.php?sn=72012
61376,IS 〈Infinite Stratos〉第二季,2013/10,第13集,60.1萬,https://ani.gamer.com.tw/animeRef.php?sn=61376
57498,來自風平浪靜的明日,2013/10,第26集,最近搜尋,https://ani.gamer.com.tw/animeRef.php?sn=57498
61095,境界的彼方,2013/10,第12集,熱門搜尋,https://ani.gamer.com.tw/animeRef.php?sn=61095
63553,單色小姐,2013/10,第13集,102.7萬,https://ani.gamer.com.tw/animeRef.php?sn=63553
112582,劇場版 獸電戰隊強龍者 GABURINCHO OF MUSIC,2013/08,第1集,51.8萬,https://ani.gamer.com.tw/animeRef.php?sn=112582
112428,闇芝居,2013/07,第13集,6.5萬,https://ani.gamer.com.tw/animeRef.php?sn=112428
61305,新科學小飛俠,2013/07,第12集,2459,https://ani.gamer.com.tw/animeRef.php?sn=61305
59546,銀之匙,2013/07,第11集,15.6萬,https://ani.gamer.com.tw/animeRef.php?sn=59546
112517,超人力霸王銀河,2013/07,第12集,7.5萬,https://ani.gamer.com.tw/animeRef.php?sn=112517
47281,BLOOD LAD 血意少年,2013/07,第10集,82萬,https://ani.gamer.com.tw/animeRef.php?sn=47281
112595,SERVANT × SERVICE 迷糊公務員,2013/07,第13集,1.3萬,https://ani.gamer.com.tw/animeRef.php?sn=112595
61469,FREE! 男子游泳部,2013/07,第12集,26.7萬,https://ani.gamer.com.tw/animeRef.php?sn=61469
61678,王者天下 第二季,2013/06,第39集,4.1萬,https://ani.gamer.com.tw/animeRef.php?sn=61678
60062,假面騎士×超級戰隊×宇宙刑事 超級英雄大戰 Z,2013/04,第1集,43.6萬,https://ani.gamer.com.tw/animeRef.php?sn=60062
58442,魔法禁書目錄外傳 科學超電磁砲 第二季,2013/04,第24集,37.3萬,https://ani.gamer.com.tw/animeRef.php?sn=58442
59221,進擊的巨人,2013/04,第25集,1.4萬,https://ani.gamer.com.tw/animeRef.php?sn=59221
55155,我的妹妹哪有這麼可愛！第二季,2013/04,第16集,138.8萬,https://ani.gamer.com.tw/animeRef.php?sn=55155
53062,約會大作戰 DATE A LIVE,2013/04,第12集,439.5萬,https://ani.gamer.com.tw/animeRef.php?sn=53062
56805,果然我的青春戀愛喜劇搞錯了。,2013/04,第13集,59.5萬,https://ani.gamer.com.tw/animeRef.php?sn=56805
56821,七龍珠 Z 劇場版：神與神,2013/03,第1集,44.1萬,https://ani.gamer.com.tw/animeRef.php?sn=56821
52207,魔法禁書目錄 劇場版,2013/02,第1集,291.2萬,https://ani.gamer.com.tw/animeRef.php?sn=52207
80450,特命戰隊 Go Busters VS 海賊戰隊豪快者 THE MOVIE,2013/01,第1集,6.3萬,https://ani.gamer.com.tw/animeRef.php?sn=80450
112420,寶可夢超級願望 第三季,2013/01,第36集,9萬,https://ani.gamer.com.tw/animeRef.php?sn=112420
56380,花牌情緣 第二季,2013/01,第25集,1萬,https://ani.gamer.com.tw/animeRef.php?sn=56380
57195,AMNESIA 失憶症,2013/01,第12集,7.5萬,https://ani.gamer.com.tw/animeRef.php?sn=57195
54421,Love Live! 學園偶像計畫,2013/01,第13集,79.1萬,https://ani.gamer.com.tw/animeRef.php?sn=54421
56353,前進吧！登山少女,2013/01,第12集,7.7萬,https://ani.gamer.com.tw/animeRef.php?sn=56353
112581,假面騎士 × 假面騎士 Wizard & Fourze MOVIE 大戰 Ultimatum,2012/12,第1集,67.1萬,https://ani.gamer.com.tw/animeRef.php?sn=112581
56339,魔法少女小圓 後編 永遠的物語,2012/10,第1集,21.8萬,https://ani.gamer.com.tw/animeRef.php?sn=56339
57123,Aikatsu! 偶像學園！,2012/10,第50集,最近搜尋,https://ani.gamer.com.tw/animeRef.php?sn=57123
56518,MAGI 魔奇少年,2012/10,第25集,熱門搜尋,https://ani.gamer.com.tw/animeRef.php?sn=56518
55000,Little Busters !,2012/10,第26集,26.2萬,https://ani.gamer.com.tw/animeRef.php?sn=55000
52874,魔法少女小圓 前編 起始的物語,2012/10,第1集,59.5萬,https://ani.gamer.com.tw/animeRef.php?sn=52874
56768,JOJO 的奇妙冒險,2012/10,第26集,14萬,https://ani.gamer.com.tw/animeRef.php?sn=56768
55927,絕園的暴風雨,2012/10,第24集,4.3萬,https://ani.gamer.com.tw/animeRef.php?sn=55927
54809,K,2012/10,第13集,563.2萬,https://ani.gamer.com.tw/animeRef.php?sn=54809
112620,特命戰隊 Go Busters THE MOVIE 保護東京 Enetower!,2012/08,第1集,89.6萬,https://ani.gamer.com.tw/animeRef.php?sn=112620
112642,超人力霸王傑洛 FIGHT 劇場版,2012/08,第1集,43.6萬,https://ani.gamer.com.tw/animeRef.php?sn=112642
52206,刀劍神域 Sword Art Online,2012/07,第25集,統計中,https://ani.gamer.com.tw/animeRef.php?sn=52206
54244,聖靈家族,2012/07,第13集,1449,https://ani.gamer.com.tw/animeRef.php?sn=54244
112415,寶可夢超級願望 第二季,2012/06,第24集,750.6萬,https://ani.gamer.com.tw/animeRef.php?sn=112415
53052,王者天下,2012/06,第39集,18.2萬,https://ani.gamer.com.tw/animeRef.php?sn=53052
112597,血戰-C：The Last Dark,2012/06,第1集,6.2萬,https://ani.gamer.com.tw/animeRef.php?sn=112597
53316,冰菓,2012/04,第23集,40.7萬,https://ani.gamer.com.tw/animeRef.php?sn=53316
97912,假面騎士×超級戰隊 超級英雄大戰,2012/04,第1集,1.8萬,https://ani.gamer.com.tw/animeRef.php?sn=97912
52347,Fate/zero 第二季,2012/04,第12集,303.9萬,https://ani.gamer.com.tw/animeRef.php?sn=52347
52205,加速世界,2012/04,第24集,2.1萬,https://ani.gamer.com.tw/animeRef.php?sn=52205
112425,火影忍者 SD 李洛克的青春全力忍傳,2012/04,第51集,61萬,https://ani.gamer.com.tw/animeRef.php?sn=112425
52512,男子高校生的日常,2012/01,第12集,70.3萬,https://ani.gamer.com.tw/animeRef.php?sn=52512
112503,蘋果核戰 XIII 劇場版～預言～,2011/12,第1集,5.6萬,https://ani.gamer.com.tw/animeRef.php?sn=112503
112501,假面騎士 × 假面騎士 Fourze＆OOO MOVIE 大戰 MEGA MAX,2011/12,第1集,63.5萬,https://ani.gamer.com.tw/animeRef.php?sn=112501
40552,電影 K-ON！輕音部,2011/12,第1集,3729,https://ani.gamer.com.tw/animeRef.php?sn=40552
47821,Guilty Crown 罪惡王冠,2011/10,第22集,6482,https://ani.gamer.com.tw/animeRef.php?sn=47821
47618,花牌情緣,2011/10,第25集,6.5萬,https://ani.gamer.com.tw/animeRef.php?sn=47618
50007,獵人 Hunter x Hunter,2011/10,第148集,148.1萬,https://ani.gamer.com.tw/animeRef.php?sn=50007
112521,WORKING!!迷糊餐廳 第二季,2011/10,第13集,93.7萬,https://ani.gamer.com.tw/animeRef.php?sn=112521
42446,Fate/zero,2011/10,第13集,1054.5萬,https://ani.gamer.com.tw/animeRef.php?sn=42446
112633,螢火之森,2011/09,第1集,最近搜尋,https://ani.gamer.com.tw/animeRef.php?sn=112633
49866,假面騎士 FOURZE,2011/09,第48集,熱門搜尋,https://ani.gamer.com.tw/animeRef.php?sn=49866
112621,海賊戰隊豪快者 The Movie 飛天幽靈船,2011/08,第1集,7110,https://ani.gamer.com.tw/animeRef.php?sn=112621
42867,偶像大師,2011/07,第26集,17.5萬,https://ani.gamer.com.tw/animeRef.php?sn=42867
38232,鋼之鍊金術師 嘆息之丘的聖星,2011/07,第1集,1804,https://ani.gamer.com.tw/animeRef.php?sn=38232
112502,蘋果核戰 XIII 劇場版～遺言～,2011/06,第1集,35.7萬,https://ani.gamer.com.tw/animeRef.php?sn=112502
96517,超級戰隊 199 英雄大對決,2011/06,第1集,7.3萬,https://ani.gamer.com.tw/animeRef.php?sn=96517
41986,青之驅魔師,2011/04,第25集,3532,https://ani.gamer.com.tw/animeRef.php?sn=41986
39785,花開物語,2011/04,第26集,1.1萬,https://ani.gamer.com.tw/animeRef.php?sn=39785
112500,OOO・電王・All Riders Let's Go 假面騎士,2011/04,第1集,183.5萬,https://ani.gamer.com.tw/animeRef.php?sn=112500
38204,惡魔奶爸,2011/01,第60集,51萬,https://ani.gamer.com.tw/animeRef.php?sn=38204
41319,魔法少女小圓,2011/01,第12集,4808,https://ani.gamer.com.tw/animeRef.php?sn=41319
38104,IS 〈Infinite Stratos〉,2011/01,第13集,170.7萬,https://ani.gamer.com.tw/animeRef.php?sn=38104
47886,超人力霸王傑洛 THE MOVIE 超決戰！貝利亞銀河帝國,2010/12,第1集,62.5萬,https://ani.gamer.com.tw/animeRef.php?sn=47886
96518,假面騎士 OOO and W Feat Skull Movie 大戰 Core,2010/12,第1集,17萬,https://ani.gamer.com.tw/animeRef.php?sn=96518
80408,大耳查布 電影,2010/12,第1集,4348,https://ani.gamer.com.tw/animeRef.php?sn=80408
80434,超極銀河傳說外傳 超人力霸王ZERO VS 黑暗ZERO,2010/11,第1集,2.1萬,https://ani.gamer.com.tw/animeRef.php?sn=80434
37524,魔法禁書目錄 Ⅱ,2010/10,第24集,3267,https://ani.gamer.com.tw/animeRef.php?sn=37524
36603,我的妹妹哪有這麼可愛！,2010/10,第16集,2077,https://ani.gamer.com.tw/animeRef.php?sn=36603
38140,寶可夢超級願望,2010/09,第84集,163.7萬,https://ani.gamer.com.tw/animeRef.php?sn=38140
39385,假面騎士 OOO,2010/09,第48集,68.6萬,https://ani.gamer.com.tw/animeRef.php?sn=39385
33770,劇場版動畫 借來的100天,2010/08,第1集,25.6萬,https://ani.gamer.com.tw/animeRef.php?sn=33770
37290,天裝戰隊護星者 epic ON THE MOVIE,2010/08,第1集,61.7萬,https://ani.gamer.com.tw/animeRef.php?sn=37290
37289,假面騎士 FOREVER W - A to Z 命運的記憶體,2010/08,第1集,3.3萬,https://ani.gamer.com.tw/animeRef.php?sn=37289
112528,黑執事 II,2010/07,第18集,3633,https://ani.gamer.com.tw/animeRef.php?sn=112528
112604,假面騎士×假面騎士×假面騎士 THE MOVIE 超・電王 Trilogy EPISODE YELLOW,2010/06,第1集,2.3萬,https://ani.gamer.com.tw/animeRef.php?sn=112604
96519,重返再現！侍戰隊真劍者,2010/06,第1集,5萬,https://ani.gamer.com.tw/animeRef.php?sn=96519
112603,假面騎士×假面騎士×假面騎士 THE MOVIE 超・電王 Trilogy EPISODE BLUE,2010/06,第1集,2603,https://ani.gamer.com.tw/animeRef.php?sn=112603
112602,假面騎士×假面騎士×假面騎士 THE MOVIE 超・電王 Trilogy EPISODE RED,2010/05,第1集,最近搜尋,https://ani.gamer.com.tw/animeRef.php?sn=112602
30703,古城荊棘王,2010/05,第1集,熱門搜尋,https://ani.gamer.com.tw/animeRef.php?sn=30703
112520,WORKING!!迷糊餐廳,2010/04,第13集,2069,https://ani.gamer.com.tw/animeRef.php?sn=112520
28217,Angel Beats！,2010/04,第13集,4.7萬,https://ani.gamer.com.tw/animeRef.php?sn=28217
80447,侍戰隊 VS 炎神戰隊轟音者,2010/01,第1集,9.3萬,https://ani.gamer.com.tw/animeRef.php?sn=80447
30088,劇場版 命運 / 停駐之夜 UNLIMITED BLADE WORKS,2010/01,第1集,45.1萬,https://ani.gamer.com.tw/animeRef.php?sn=30088
112598,無頭騎士異聞錄 DuRaRaRa!!,2010/01,第26集,8277,https://ani.gamer.com.tw/animeRef.php?sn=112598
63491,大耳查布,2009/10,第26集,7.1萬,https://ani.gamer.com.tw/animeRef.php?sn=63491
29732,犬夜叉 完結篇,2009/10,第26集,5.9萬,https://ani.gamer.com.tw/animeRef.php?sn=29732
25700,魔法禁書目錄外傳 科學超電磁砲,2009/10,第24集,1.5萬,https://ani.gamer.com.tw/animeRef.php?sn=25700
31466,假面騎士 W,2009/09,第49集,25.7萬,https://ani.gamer.com.tw/animeRef.php?sn=31466
32837,超．假面騎士電王&Decade NEO世代 鬼島戰艦,2009/05,第1集,156.3萬,https://ani.gamer.com.tw/animeRef.php?sn=32837
112616,天元突破 紅蓮螺巖 螺巖篇,2009/04,第1集,62.7萬,https://ani.gamer.com.tw/animeRef.php?sn=112616
80448,炎神戰隊 VS 獸拳戰隊,2009/01,第1集,1.7萬,https://ani.gamer.com.tw/animeRef.php?sn=80448
112578,地獄少女 三鼎,2008/10,第26集,1.2萬,https://ani.gamer.com.tw/animeRef.php?sn=112578
27263,再會了假面騎士電王 最後的倒數計時,2008/10,第1集,5904,https://ani.gamer.com.tw/animeRef.php?sn=27263
718,魔法禁書目錄,2008/10,第24集,2.9萬,https://ani.gamer.com.tw/animeRef.php?sn=718
112527,黑執事,2008/10,第25集,1.8萬,https://ani.gamer.com.tw/animeRef.php?sn=112527
17962,虎與龍 TIGER×DRAGON!,2008/10,第25集,230.1萬,https://ani.gamer.com.tw/animeRef.php?sn=17962
112596,天元突破 紅蓮螺巖 紅蓮篇,2008/09,第1集,16.9萬,https://ani.gamer.com.tw/animeRef.php?sn=112596
80451,假面騎士牙 魔界城之王,2008/08,第1集,66.8萬,https://ani.gamer.com.tw/animeRef.php?sn=80451
80449,炎神戰隊轟音者劇場版,2008/08,第1集,1.1萬,https://ani.gamer.com.tw/animeRef.php?sn=80449
80453,獸拳戰隊激氣連者 VS 冒險者,2008/03,第1集,1萬,https://ani.gamer.com.tw/animeRef.php?sn=80453
96520,獸拳戰隊 香港大決戰,2007/08,第1集,3973,https://ani.gamer.com.tw/animeRef.php?sn=96520
80452,假面騎士電王 俺、誕生！,2007/08,第1集,7031,https://ani.gamer.com.tw/animeRef.php?sn=80452
112504,BACCANO！大騷動！,2007/07,第16集,3623,https://ani.gamer.com.tw/animeRef.php?sn=112504
27762,琴之森,2007/07,第1集,1.8萬,https://ani.gamer.com.tw/animeRef.php?sn=27762
112519,天元突破 紅蓮螺巖,2007/04,第27集,6.6萬,https://ani.gamer.com.tw/animeRef.php?sn=112519
80454,轟轟戰隊冒險者 VS 超級戰隊,2007/03,第1集,最近搜尋,https://ani.gamer.com.tw/animeRef.php?sn=80454
112577,地獄少女 二籠,2006/10,第26集,熱門搜尋,https://ani.gamer.com.tw/animeRef.php?sn=112577
16040,家庭教師 HITMAN REBORN！,2006/10,第203集,6349,https://ani.gamer.com.tw/animeRef.php?sn=16040
739,史上最強弟子兼一,2006/10,第50集,4.1萬,https://ani.gamer.com.tw/animeRef.php?sn=739
16535,死亡筆記本,2006/10,第37集,781.8萬,https://ani.gamer.com.tw/animeRef.php?sn=16535
20989,怪醫黑傑克 21,2006/04,第17集,196.9萬,https://ani.gamer.com.tw/animeRef.php?sn=20989
364,NANA,2006/04,第50集,134.6萬,https://ani.gamer.com.tw/animeRef.php?sn=364
252,櫻蘭高校男公關部,2006/04,第26集,27.4萬,https://ani.gamer.com.tw/animeRef.php?sn=252
96528,魔法戰隊 VS 特搜戰隊,2006/03,第1集,102.7萬,https://ani.gamer.com.tw/animeRef.php?sn=96528
434,假面騎士 THE FIRST,2005/11,第1集,66.1萬,https://ani.gamer.com.tw/animeRef.php?sn=434
112576,地獄少女,2005/10,第26集,7870,https://ani.gamer.com.tw/animeRef.php?sn=112576
168,鋼之鍊金術師 香巴拉的征服者 劇場版,2005/07,第1集,7424,https://ani.gamer.com.tw/animeRef.php?sn=168
107905,企鵝家族 第六季,2005/01,第13集,8.3萬,https://ani.gamer.com.tw/animeRef.php?sn=107905
112450,烘焙王,2004/10,第69集,6.2萬,https://ani.gamer.com.tw/animeRef.php?sn=112450
20672,怪醫黑傑克,2004/10,第63集,5995,https://ani.gamer.com.tw/animeRef.php?sn=20672
20024,蒸汽男孩,2004/07,第1集,203.3萬,https://ani.gamer.com.tw/animeRef.php?sn=20024
112499,KERORO 軍曹,2004/04,第51集,64萬,https://ani.gamer.com.tw/animeRef.php?sn=112499
80437,爆龍戰隊 VS 忍風戰隊,2004/03,第1集,3.3萬,https://ani.gamer.com.tw/animeRef.php?sn=80437
112492,棋靈王特別篇：邁向北斗盃之路,2004/01,第1集,37.5萬,https://ani.gamer.com.tw/animeRef.php?sn=112492
55655,怪醫黑傑克特別版 4 個生命奇蹟,2003/12,第4集,1.3萬,https://ani.gamer.com.tw/animeRef.php?sn=55655
16352,東京教父,2003/11,第1集,2.5萬,https://ani.gamer.com.tw/animeRef.php?sn=16352
227,鋼之鍊金術師 2003,2003/10,第51集,5.9萬,https://ani.gamer.com.tw/animeRef.php?sn=227
80438,爆龍戰隊電影版,2003/08,第1集,5.5萬,https://ani.gamer.com.tw/animeRef.php?sn=80438
107904,企鵝家族 第五季,2003/08,第13集,167.5萬,https://ani.gamer.com.tw/animeRef.php?sn=107904
80413,忍風戰隊 vs 百獸戰隊,2003/03,第1集,9392,https://ani.gamer.com.tw/animeRef.php?sn=80413
112421,火影忍者,2002/10,第220集,4526,https://ani.gamer.com.tw/animeRef.php?sn=112421
112515,花田少年史,2002/10,第25集,1.6萬,https://ani.gamer.com.tw/animeRef.php?sn=112515
80414,忍風戰隊電影版,2002/08,第1集,179.3萬,https://ani.gamer.com.tw/animeRef.php?sn=80414
103955,機動警察 迷你版,2002/05,第1集,最近搜尋,https://ani.gamer.com.tw/animeRef.php?sn=103955
308,我們這一家,2002/04,第149集,熱門搜尋,https://ani.gamer.com.tw/animeRef.php?sn=308
38224,機動警察 劇場版 3,2002/03,第1集,6306,https://ani.gamer.com.tw/animeRef.php?sn=38224
106245,帕盧姆之樹,2002/03,第1集,112.2萬,https://ani.gamer.com.tw/animeRef.php?sn=106245
31127,秀逗魔導士 PREMIUM,2001/12,第1集,2.5萬,https://ani.gamer.com.tw/animeRef.php?sn=31127
112447,棋靈王,2001/10,第75集,6911,https://ani.gamer.com.tw/animeRef.php?sn=112447
80412,百獸戰隊電影版,2001/09,第1集,6960,https://ani.gamer.com.tw/animeRef.php?sn=80412
80411,百獸戰隊 VS 超級戰隊,2001/08,第1集,83.9萬,https://ani.gamer.com.tw/animeRef.php?sn=80411
96527,未來戰隊 VS 救急戰隊,2001/03,第1集,1.3萬,https://ani.gamer.com.tw/animeRef.php?sn=96527
103621,幸運女神 劇場版,2000/10,第1集,1萬,https://ani.gamer.com.tw/animeRef.php?sn=103621
112427,犬夜叉,2000/10,第167集,2629,https://ani.gamer.com.tw/animeRef.php?sn=112427
19972,人狼,2000/06,第1集,2.1萬,https://ani.gamer.com.tw/animeRef.php?sn=19972
31128,秀逗魔導士 SPECIAL,2000/04,第3集,71.3萬,https://ani.gamer.com.tw/animeRef.php?sn=31128
33677,捍衛者 GATE KEEPERS,2000/04,第24集,2.8萬,https://ani.gamer.com.tw/animeRef.php?sn=33677
96525,救急戰隊 VS 星獸戰隊,2000/03,第1集,1.1萬,https://ani.gamer.com.tw/animeRef.php?sn=96525
31126,秀逗魔導士 GORGEOUS,1999/08,第1集,2.9萬,https://ani.gamer.com.tw/animeRef.php?sn=31126
96524,救急戰隊特別篇 衝突！新出現的超戰士,1999/07,第1集,2151,https://ani.gamer.com.tw/animeRef.php?sn=96524
101527,庫洛魔法使 第二季,1999/04,第35集,9360,https://ani.gamer.com.tw/animeRef.php?sn=101527
19933,伊甸少年,1999/04,第26集,2026,https://ani.gamer.com.tw/animeRef.php?sn=19933
96526,星獸戰隊 VS 電磁戰隊,1999/03,第1集,65.3萬,https://ani.gamer.com.tw/animeRef.php?sn=96526
31129,秀逗魔導士 EXCELLENT,1998/10,第3集,1.2萬,https://ani.gamer.com.tw/animeRef.php?sn=31129
112615,男女蹺蹺板,1998/10,第26集,2195,https://ani.gamer.com.tw/animeRef.php?sn=112615
17629,庫洛魔法使 第一季,1998/04,第35集,1.5萬,https://ani.gamer.com.tw/animeRef.php?sn=17629
96522,電磁戰隊 VS 激走戰隊,1998/03,第1集,8.7萬,https://ani.gamer.com.tw/animeRef.php?sn=96522
107903,企鵝家族 第四季,1998/01,第13集,73.5萬,https://ani.gamer.com.tw/animeRef.php?sn=107903
112606,超魔神英雄傳,1997/10,第51集,1893,https://ani.gamer.com.tw/animeRef.php?sn=112606
31125,秀逗魔導士 GREAT,1997/08,第1集,6480,https://ani.gamer.com.tw/animeRef.php?sn=31125
96521,激走戰隊 VS 超力戰隊,1997/03,第1集,1.5萬,https://ani.gamer.com.tw/animeRef.php?sn=96521
31123,秀逗魔導士 RETURN,1996/08,第1集,最近搜尋,https://ani.gamer.com.tw/animeRef.php?sn=31123
106232,水晶國傳說 OVA,1996/04,第3集,熱門搜尋,https://ani.gamer.com.tw/animeRef.php?sn=106232
96523,超力戰隊 VS 忍者戰隊,1996/03,第1集,8687,https://ani.gamer.com.tw/animeRef.php?sn=96523
167,神劍闖江湖,1996/01,第80集,6878,https://ani.gamer.com.tw/animeRef.php?sn=167
112448,名偵探柯南,1996/01,第981集,3808,https://ani.gamer.com.tw/animeRef.php?sn=112448
103555,秀逗魔導士 完全無欠版,1995/08,第1集,65.4萬,https://ani.gamer.com.tw/animeRef.php?sn=103555
106231,水晶國傳說～初次旅行的冒險者們～,1995/07,第1集,99.6萬,https://ani.gamer.com.tw/animeRef.php?sn=106231
107902,企鵝家族 第三季,1995/06,第13集,2萬,https://ani.gamer.com.tw/animeRef.php?sn=107902
39474,怪醫黑傑克 OVA,1993/12,第12集,6742,https://ani.gamer.com.tw/animeRef.php?sn=39474
111100,魔神英雄傳 永恆傳說,1993/10,第3集,9207,https://ani.gamer.com.tw/animeRef.php?sn=111100
38222,機動警察  劇場版 2,1993/08,第1集,40.3萬,https://ani.gamer.com.tw/animeRef.php?sn=38222
84263,新蠟筆小新 S1,1992/04,第26集,1.5萬,https://ani.gamer.com.tw/animeRef.php?sn=84263
21634,蠟筆小新,1992/04,第121集,4萬,https://ani.gamer.com.tw/animeRef.php?sn=21634
107901,企鵝家族 第二季,1991/11,第13集,21萬,https://ani.gamer.com.tw/animeRef.php?sn=107901
30501,城市獵人’91,1991/04,第13集,76.4萬,https://ani.gamer.com.tw/animeRef.php?sn=30501
112498,魔神英雄傳 2,1990/03,第46集,1.8萬,https://ani.gamer.com.tw/animeRef.php?sn=112498
33274,企鵝家族 第一季,1990/03,第13集,2.4萬,https://ani.gamer.com.tw/animeRef.php?sn=33274
30500,城市獵人 3,1989/10,第13集,3萬,https://ani.gamer.com.tw/animeRef.php?sn=30500
110993,真 魔神英雄傳 魔神山篇,1989/08,第2集,8.3萬,https://ani.gamer.com.tw/animeRef.php?sn=110993
38221,機動警察 劇場版 1,1989/07,第1集,3.8萬,https://ani.gamer.com.tw/animeRef.php?sn=38221
20488,五星物語 劇場版,1989/03,第1集,1.6萬,https://ani.gamer.com.tw/animeRef.php?sn=20488
112419,魔神英雄傳,1988/04,第45集,6.7萬,https://ani.gamer.com.tw/animeRef.php?sn=112419
30499,城市獵人 2,1988/04,第63集,2.6萬,https://ani.gamer.com.tw/animeRef.php?sn=30499
112518,迷宮物語,1987/09,第1集,6萬,https://ani.gamer.com.tw/animeRef.php?sn=112518
19171,城市獵人,1987/04,第51集,17萬,https://ani.gamer.com.tw/animeRef.php?sn=19171
112511,卡姆依之劍,1985/03,第1集,3212,https://ani.gamer.com.tw/animeRef.php?sn=112511
